{"stats":{"minecraft:killed":{"minecraft:skeleton":6,"minecraft:zombie":3,"minecraft:creeper":1},"minecraft:custom":{"minecraft:time_since_rest":1,"minecraft:waystone_activated":5,"minecraft:sprint_one_cm":52279,"minecraft:damage_taken":1070,"minecraft:walk_one_cm":256912,"minecraft:interact_with_anvil":3,"minecraft:mob_kills":10,"minecraft:drop":13,"minecraft:damage_dealt":2227,"minecraft:swim_one_cm":362,"minecraft:fly_one_cm":656298,"minecraft:open_chest":57,"minecraft:crouch_one_cm":43,"minecraft:play_one_minute":201967,"tombstone:undead_killed":9,"minecraft:deaths":15,"minecraft:sneak_time":573,"minecraft:walk_under_water_one_cm":1647,"minecraft:jump":479,"minecraft:leave_game":2,"minecraft:walk_on_water_one_cm":23157,"minecraft:time_since_death":1260,"minecraft:climb_one_cm":128,"minecraft:fall_one_cm":7428},"minecraft:killed_by":{"minecraft:skeleton":1,"minecraft:zombie":1},"minecraft:mined":{"minecraft:torch":1,"minecraft:grass":1,"minecraft:sugar_cane":1},"minecraft:picked_up":{"minecraft:dark_oak_slab":2,"minecraft:redstone_lamp":1,"minecraft:water_bucket":1,"minecraft:torch":3,"minecraft:black_stained_glass_pane":20,"cataclysm:obsidian_bricks":1,"tombstone:grave_dust":1,"minecraft:grass_block":1,"minecraft:white_banner":1,"minecraft:lantern":1,"alexsmobs:animal_dictionary":1,"tombstone:gift":2,"minecraft:quartz_slab":1,"minecraft:bone":3,"minecraft:arrow":5,"minecraft:rotten_flesh":2,"minecraft:bow":1,"waystones:waystone":1,"minecraft:player_head":1,"tombstone:magic_scroll":1,"minecraft:sugar_cane":2,"minecraft:dark_oak_fence":3},"minecraft:dropped":{"cataclysm:obsidian_bricks":1,"minecraft:player_head":7,"tombstone:gift":1,"minecraft:wither_skeleton_skull":1,"minecraft:lantern":1,"cataclysm:chiseled_obsidian_bricks":1,"minecraft:grass_block":1},"minecraft:used":{"minecraft:redstone_torch":1,"create:handheld_worldshaper":8,"minecraft:glass":1,"waystones:waystone":3,"minecraft:netherite_sword":7,"minecraft:diamond_pickaxe":1,"minecraft:red_concrete":2,"minecraft:quartz_slab":5,"minecraft:wither_skeleton_skull":1,"minecraft:command_block":4,"minecraft:black_stained_glass_pane":3,"minecraft:lantern":263,"minecraft:grass_block":65,"minecraft:chest":8,"minecraft:stone":5,"minecraft:dark_oak_slab":6,"securitycraft:reinforced_basalt":9,"tombstone:grave_key":2,"minecraft:dirt":2,"minecraft:player_head":23,"minecraft:stone_bricks":2,"minecraft:chiseled_stone_bricks":1,"minecraft:torch":12,"minecraft:birch_pressure_plate":2,"minecraft:anvil":1,"alexsmobs:hummingbird_feeder":1,"minecraft:repeating_command_block":1,"cataclysm:chiseled_obsidian_bricks":5,"minecraft:spruce_log":1,"cataclysm:obsidian_bricks":359,"cataclysm:void_lantern_block":22}},"DataVersion":2586}