{"stats":{"minecraft:killed_by":{"minecraft:creeper":1,"minecraft:zombie":1,"minecraft:skeleton":6},"minecraft:crafted":{"minecraft:oak_planks":140,"minecraft:glass":8,"minecraft:iron_boots":2,"minecraft:crafting_table":7,"minecraft:spruce_planks":4,"minecraft:wooden_pickaxe":2,"minecraft:hay_block":55,"minecraft:iron_chestplate":2,"minecraft:diamond_pickaxe":1,"minecraft:stick":60,"minecraft:iron_ingot":33,"minecraft:iron_pickaxe":5,"minecraft:stone_sword":1,"minecraft:furnace":4,"minecraft:flint_and_steel":1,"minecraft:iron_axe":2,"minecraft:stone_pickaxe":6,"minecraft:wheat":495,"minecraft:iron_sword":2,"minecraft:stone_axe":1,"minecraft:air":0,"minecraft:iron_leggings":2,"minecraft:torch":72,"minecraft:diamond_chestplate":1},"minecraft:killed":{"minecraft:spider":2,"minecraft:skeleton":18,"minecraft:chicken":1,"alexsmobs:centipede_head":1,"minecraft:creeper":8,"minecraft:sheep":4,"minecraft:zombie":15,"alexsmobs:roadrunner":1,"alexsmobs:fly":1,"minecraft:cow":4,"alexsmobs:raccoon":2,"alexsmobs:tasmanian_devil":3,"alexsmobs:rattlesnake":1,"alexsmobs:cockroach":2},"minecraft:picked_up":{"minecraft:iron_chestplate":1,"alexsmobs:maraca":1,"minecraft:flower_pot":1,"cataclysm:chiseled_obsidian_bricks":1,"minecraft:enchanted_book":1,"minecraft:string":8,"minecraft:iron_leggings":1,"minecraft:bucket":1,"minecraft:spruce_planks":2,"minecraft:smooth_quartz":5,"minecraft:iron_pickaxe":1,"minecraft:enchanted_golden_apple":2,"alexsmobs:raccoon_tail":2,"minecraft:iron_boots":1,"minecraft:furnace":6,"minecraft:stick":4,"minecraft:torch":34,"alexsmobs:lobster_bucket":1,"minecraft:sandstone_wall":1,"tombstone:grave_dust":13,"minecraft:diorite":24,"minecraft:honey_bottle":16,"minecraft:rotten_flesh":10,"alexsmobs:blobfish_bucket":1,"minecraft:cobblestone":722,"minecraft:feather":3,"minecraft:lilac":1,"minecraft:water_bucket":4,"minecraft:andesite":36,"minecraft:black_bed":5,"minecraft:chiseled_quartz_block":2,"minecraft:flint":1,"cataclysm:obsidian_bricks":1,"gobber2:gobber2_ore":29,"minecraft:lapis_lazuli":62,"minecraft:dirt":292,"minecraft:lantern":4,"minecraft:glass":12,"minecraft:bone":22,"create:copper_ore":60,"minecraft:bow":3,"minecraft:wheat_seeds":24,"minecraft:oak_planks":3,"minecraft:black_stained_glass_pane":20,"minecraft:structure_void":5,"minecraft:sand":10,"minecraft:stripped_spruce_log":20,"minecraft:grass_block":1,"alexsmobs:animal_dictionary":1,"minecraft:dark_oak_log":1,"minecraft:light_gray_concrete":2,"minecraft:blue_terracotta":2,"minecraft:sugar":1,"minecraft:diamond":13,"waystones:waystone":3,"alexsmobs:rattlesnake_rattle":1,"minecraft:granite":19,"minecraft:golden_apple":3,"minecraft:bread":114,"minecraft:dark_oak_fence":3,"minecraft:fishing_rod":1,"minecraft:crafting_table":12,"minecraft:coarse_dirt":2,"minecraft:azure_bluet":1,"minecraft:chicken":1,"minecraft:redstone_lamp":7,"minecraft:shield":4,"minecraft:cornflower":1,"minecraft:iron_axe":1,"minecraft:flint_and_steel":1,"minecraft:quartz_slab":1,"minecraft:beef":7,"create:zinc_ore":140,"minecraft:player_head":1,"minecraft:observer":1,"minecraft:poppy":3,"minecraft:spruce_slab":2,"minecraft:sugar_cane":7,"minecraft:spruce_trapdoor":3,"minecraft:egg":2,"minecraft:sandstone":1,"minecraft:redstone":271,"minecraft:arrow":19,"minecraft:hay_block":78,"minecraft:mutton":5,"minecraft:white_wool":4,"minecraft:oxeye_daisy":1,"minecraft:golden_carrot":2,"gobber2:gobber2_gooey_beefstew":1,"minecraft:leather":6,"travelersbackpack:red_sleeping_bag":4,"minecraft:oak_log":35,"minecraft:gunpowder":21,"minecraft:cobblestone_stairs":1,"tombstone:gift":4,"minecraft:white_banner":1,"minecraft:stone_bricks":10,"minecraft:rabbit_hide":2,"minecraft:iron_ingot":10,"minecraft:stone_pickaxe":1,"minecraft:iron_ore":233,"minecraft:iron_sword":1,"minecraft:dark_oak_stairs":6,"minecraft:purple_concrete":1,"minecraft:book":107,"minecraft:dark_oak_slab":2,"minecraft:dandelion":1,"minecraft:gravel":21,"alexsmobs:sombrero":3,"minecraft:gold_ore":48,"minecraft:spider_eye":1,"travelersbackpack:standard":8,"minecraft:stone_axe":1,"minecraft:purple_glazed_terracotta":1,"minecraft:polished_diorite":1,"minecraft:iron_helmet":1,"minecraft:terracotta":10,"tombstone:magic_scroll":2,"minecraft:coal":332,"minecraft:hopper":1,"minecraft:ender_pearl":2},"minecraft:mined":{"minecraft:spruce_planks":2,"minecraft:granite":25,"travelersbackpack:red_sleeping_bag":2,"minecraft:grass_block":66,"minecraft:oxeye_daisy":1,"gobber2:gobber2_ore":29,"minecraft:iron_ore":232,"minecraft:fire":7,"create:copper_ore":42,"minecraft:red_tulip":1,"minecraft:light_gray_concrete":1,"minecraft:spruce_slab":1,"minecraft:chiseled_quartz_block":2,"minecraft:torch":4,"minecraft:poppy":1,"minecraft:chest":1,"minecraft:dead_bush":1,"minecraft:cobblestone":29,"minecraft:sugar_cane":3,"minecraft:oak_planks":1,"minecraft:wall_torch":1,"minecraft:black_bed":4,"minecraft:grass":169,"minecraft:oak_log":36,"minecraft:dirt":85,"minecraft:sand":13,"minecraft:smooth_quartz":4,"minecraft:oak_leaves":36,"create:zinc_ore":143,"minecraft:diamond_ore":13,"minecraft:dark_oak_log":1,"minecraft:spruce_leaves":6,"minecraft:sandstone":8,"minecraft:hay_block":81,"minecraft:redstone_ore":57,"minecraft:furnace":5,"minecraft:andesite":39,"minecraft:stripped_spruce_log":1,"minecraft:bookshelf":36,"minecraft:stone":827,"minecraft:gray_concrete":1,"minecraft:observer":1,"minecraft:polished_granite":2,"minecraft:dandelion":1,"travelersbackpack:standard":1,"minecraft:crafting_table":12,"minecraft:cornflower":1,"minecraft:tall_grass":19,"minecraft:lapis_ore":11,"minecraft:diorite":21,"minecraft:birch_leaves":8,"securitycraft:dirt_mine":2,"minecraft:coal_ore":306,"minecraft:gravel":27,"minecraft:gold_ore":48},"minecraft:used":{"minecraft:poppy":1,"minecraft:chest":13,"minecraft:shield":47,"minecraft:stone":5,"minecraft:iron_sword":355,"minecraft:player_head":23,"minecraft:debug_stick":19,"minecraft:birch_pressure_plate":2,"minecraft:skeleton_spawn_egg":3,"cataclysm:chiseled_obsidian_bricks":6,"minecraft:stripped_spruce_log":1,"minecraft:glass":1,"minecraft:quartz_slab":7,"minecraft:black_stained_glass_pane":3,"minecraft:lantern":263,"minecraft:grass_block":69,"minecraft:dark_oak_slab":6,"minecraft:stone_brick_stairs":7,"minecraft:stone_bricks":5,"travelersbackpack:red_sleeping_bag":3,"minecraft:bow":8,"minecraft:furnace":7,"cataclysm:void_lantern_block":22,"minecraft:wither_skeleton_skull":1,"minecraft:stone_pickaxe":631,"minecraft:oak_planks":12,"alexsmobs:blobfish_bucket":2,"minecraft:wooden_pickaxe":58,"minecraft:sandstone":1,"minecraft:structure_void":9,"minecraft:sugar_cane":3,"minecraft:white_wool":1,"minecraft:sand":10,"minecraft:lingering_potion":24,"minecraft:black_bed":5,"minecraft:redstone_torch":2,"waystones:waystone":4,"create:super_glue":13,"minecraft:dark_oak_log":1,"minecraft:bread":53,"minecraft:polished_granite":8,"tombstone:grave_key":6,"minecraft:gravel":1,"minecraft:andesite":22,"minecraft:netherite_sword":7,"minecraft:flint_and_steel":37,"minecraft:red_concrete":2,"minecraft:spruce_planks":2,"securitycraft:reinforced_basalt":9,"create:sticky_mechanical_piston":1,"alexsmobs:spawn_egg_cockroach":18,"minecraft:torch":264,"minecraft:dirt":768,"minecraft:anvil":1,"minecraft:granite":10,"travelersbackpack:gold":1,"minecraft:iron_axe":88,"create:creative_motor":1,"alexsmobs:hummingbird_feeder":1,"alexsmobs:lobster_bucket":2,"securitycraft:dirt_mine":9,"minecraft:minecart":3,"tombstone:gift":8,"create:wand_of_symmetry":13,"create:handheld_worldshaper":8,"minecraft:water_bucket":3,"minecraft:cobblestone_stairs":1,"minecraft:polished_andesite":10,"minecraft:diamond_block":19,"minecraft:rail":1,"minecraft:crafting_table":17,"minecraft:lime_bed":1,"minecraft:spruce_log":1,"minecraft:diamond_pickaxe":209,"gobber2:gobber2_sword_end":1,"minecraft:command_block":5,"minecraft:iron_pickaxe":1025,"minecraft:stone_axe":2,"minecraft:chiseled_stone_bricks":1,"minecraft:fishing_rod":35,"minecraft:cobblestone":393,"travelersbackpack:standard":11,"minecraft:bucket":7,"minecraft:repeating_command_block":1,"cataclysm:obsidian_bricks":359},"minecraft:custom":{"minecraft:interact_with_crafting_table":28,"minecraft:open_barrel":19,"minecraft:leave_game":7,"minecraft:time_since_death":146650,"minecraft:sprint_one_cm":274090,"minecraft:damage_blocked_by_shield":2060,"minecraft:drop":189,"minecraft:deaths":25,"minecraft:jump":4072,"minecraft:walk_on_water_one_cm":52218,"minecraft:interact_with_furnace":16,"minecraft:play_one_minute":689095,"minecraft:sleep_in_bed":7,"minecraft:waystone_activated":6,"minecraft:damage_dealt":14257,"minecraft:crouch_one_cm":7759,"tombstone:undead_killed":33,"minecraft:interact_with_smithing_table":1,"minecraft:mob_kills":68,"minecraft:interact_with_anvil":3,"minecraft:climb_one_cm":19924,"minecraft:walk_one_cm":1484625,"minecraft:sneak_time":5499,"minecraft:walk_under_water_one_cm":11924,"minecraft:interact_with_blast_furnace":1,"minecraft:tune_noteblock":3,"minecraft:time_since_rest":146066,"minecraft:damage_taken":7063,"minecraft:damage_absorbed":313,"minecraft:minecart_one_cm":58138,"minecraft:swim_one_cm":2330,"minecraft:fly_one_cm":1265645,"minecraft:open_chest":103,"minecraft:fall_one_cm":82383},"minecraft:dropped":{"minecraft:lapis_lazuli":2,"minecraft:diamond":12,"minecraft:lantern":2,"travelersbackpack:standard":1,"minecraft:rail":1,"minecraft:structure_void":6,"minecraft:redstone_lamp":6,"minecraft:dirt":79,"minecraft:cornflower":1,"minecraft:mutton":1,"minecraft:iron_pickaxe":1,"alexsmobs:raccoon_tail":2,"minecraft:gold_ingot":2,"minecraft:bone":13,"minecraft:gravel":20,"minecraft:stone_axe":2,"minecraft:sugar_cane":2,"tombstone:gift":2,"minecraft:rotten_flesh":7,"minecraft:rabbit_hide":2,"minecraft:sandstone_wall":1,"minecraft:poppy":2,"minecraft:gunpowder":17,"minecraft:chest":1,"minecraft:spruce_slab":2,"minecraft:arrow":5,"minecraft:beef":7,"minecraft:glass":20,"minecraft:stone_brick_stairs":1,"minecraft:egg":2,"minecraft:water_bucket":4,"minecraft:iron_ingot":59,"minecraft:bread":42,"minecraft:stripped_spruce_log":9,"minecraft:wheat_seeds":12,"minecraft:minecart":1,"minecraft:iron_helmet":1,"minecraft:feather":3,"minecraft:cobblestone":61,"minecraft:granite":9,"minecraft:grass_block":1,"minecraft:stick":7,"minecraft:oxeye_daisy":1,"minecraft:diorite":20,"minecraft:smooth_quartz":5,"tombstone:grave_dust":7,"minecraft:iron_leggings":1,"minecraft:string":7,"minecraft:dandelion":1,"minecraft:player_head":7,"minecraft:stone_sword":1,"minecraft:chiseled_quartz_block":2,"camera:image_frame":1,"minecraft:wither_skeleton_skull":1,"minecraft:iron_boots":1,"minecraft:light_gray_concrete":2,"cataclysm:chiseled_obsidian_bricks":3,"minecraft:hay_block":3,"cataclysm:obsidian_bricks":1,"minecraft:flower_pot":1,"minecraft:iron_chestplate":1,"minecraft:andesite":14,"minecraft:stone_bricks":1,"minecraft:stone_pickaxe":2,"minecraft:wooden_pickaxe":1,"waystones:waystone":1},"minecraft:broken":{"minecraft:stone_pickaxe":4,"minecraft:iron_pickaxe":2}},"DataVersion":2586}