{"stats":{"minecraft:killed":{"minecraft:creeper":1,"minecraft:skeleton":6,"minecraft:zombie":3},"minecraft:custom":{"minecraft:mob_kills":10,"minecraft:interact_with_anvil":3,"minecraft:play_one_minute":225967,"minecraft:leave_game":2,"minecraft:time_since_death":5145,"minecraft:climb_one_cm":128,"minecraft:time_since_rest":4760,"minecraft:waystone_activated":5,"minecraft:sprint_one_cm":52279,"minecraft:damage_taken":1340,"minecraft:walk_one_cm":265173,"minecraft:drop":13,"minecraft:minecart_one_cm":58138,"minecraft:damage_dealt":2227,"minecraft:swim_one_cm":362,"minecraft:fly_one_cm":731069,"minecraft:open_chest":57,"minecraft:crouch_one_cm":43,"tombstone:undead_killed":9,"minecraft:deaths":16,"minecraft:sneak_time":736,"minecraft:walk_under_water_one_cm":2361,"minecraft:jump":495,"minecraft:walk_on_water_one_cm":23352,"minecraft:fall_one_cm":10361},"minecraft:killed_by":{"minecraft:skeleton":1,"minecraft:zombie":1},"minecraft:mined":{"minecraft:torch":1,"minecraft:sugar_cane":1,"minecraft:grass":1},"minecraft:picked_up":{"minecraft:water_bucket":1,"minecraft:redstone_lamp":1,"cataclysm:obsidian_bricks":1,"tombstone:gift":2,"minecraft:lantern":1,"minecraft:white_banner":1,"minecraft:quartz_slab":1,"minecraft:bone":3,"minecraft:bow":1,"minecraft:player_head":1,"minecraft:sugar_cane":2,"minecraft:dark_oak_slab":2,"minecraft:torch":3,"minecraft:black_stained_glass_pane":20,"tombstone:grave_dust":1,"minecraft:grass_block":1,"alexsmobs:animal_dictionary":1,"minecraft:arrow":5,"minecraft:rotten_flesh":2,"waystones:waystone":1,"tombstone:magic_scroll":1,"minecraft:dark_oak_fence":3},"minecraft:dropped":{"minecraft:player_head":7,"tombstone:gift":1,"minecraft:wither_skeleton_skull":1,"minecraft:lantern":1,"cataclysm:chiseled_obsidian_bricks":1,"minecraft:grass_block":1,"cataclysm:obsidian_bricks":1},"minecraft:used":{"create:handheld_worldshaper":8,"minecraft:netherite_sword":7,"minecraft:wither_skeleton_skull":1,"minecraft:red_concrete":2,"minecraft:polished_andesite":1,"minecraft:chest":8,"minecraft:stone":5,"securitycraft:reinforced_basalt":9,"minecraft:player_head":23,"minecraft:debug_stick":19,"minecraft:torch":12,"minecraft:dirt":2,"minecraft:birch_pressure_plate":2,"minecraft:anvil":1,"cataclysm:chiseled_obsidian_bricks":5,"minecraft:spruce_log":1,"minecraft:redstone_torch":2,"waystones:waystone":3,"minecraft:glass":1,"minecraft:diamond_pickaxe":1,"minecraft:command_block":5,"minecraft:quartz_slab":7,"minecraft:black_stained_glass_pane":3,"minecraft:lantern":263,"minecraft:grass_block":65,"minecraft:dark_oak_slab":6,"tombstone:grave_key":4,"minecraft:stone_brick_stairs":2,"minecraft:stone_bricks":2,"minecraft:chiseled_stone_bricks":1,"alexsmobs:hummingbird_feeder":1,"minecraft:minecart":3,"minecraft:repeating_command_block":1,"cataclysm:obsidian_bricks":359,"cataclysm:void_lantern_block":22}},"DataVersion":2586}