{"stats":{"minecraft:killed":{"minecraft:skeleton":6,"minecraft:zombie":3,"minecraft:creeper":1},"minecraft:custom":{"minecraft:time_since_rest":18062,"minecraft:waystone_activated":3,"minecraft:sprint_one_cm":31604,"minecraft:walk_one_cm":126946,"minecraft:mob_kills":10,"minecraft:drop":4,"minecraft:damage_dealt":2207,"minecraft:fly_one_cm":389036,"minecraft:open_chest":34,"minecraft:crouch_one_cm":5,"minecraft:play_one_minute":87967,"tombstone:undead_killed":9,"minecraft:deaths":9,"minecraft:sneak_time":251,"minecraft:walk_under_water_one_cm":327,"minecraft:jump":276,"minecraft:leave_game":2,"minecraft:walk_on_water_one_cm":909,"minecraft:time_since_death":18362,"minecraft:climb_one_cm":128},"minecraft:picked_up":{"minecraft:water_bucket":1,"minecraft:torch":1,"cataclysm:obsidian_bricks":1,"tombstone:grave_dust":1,"minecraft:grass_block":1,"alexsmobs:animal_dictionary":1,"tombstone:gift":2,"minecraft:bone":3,"minecraft:arrow":5,"minecraft:rotten_flesh":2,"minecraft:bow":1,"waystones:waystone":1,"minecraft:player_head":1,"tombstone:magic_scroll":1},"minecraft:dropped":{"cataclysm:obsidian_bricks":1,"minecraft:player_head":1,"minecraft:lantern":1,"minecraft:grass_block":1},"minecraft:used":{"minecraft:redstone_torch":1,"minecraft:glass":1,"waystones:waystone":2,"minecraft:netherite_sword":7,"minecraft:diamond_pickaxe":1,"minecraft:command_block":1,"minecraft:lantern":251,"minecraft:grass_block":65,"minecraft:chest":4,"minecraft:dark_oak_slab":1,"tombstone:grave_key":1,"minecraft:player_head":2,"minecraft:stone_bricks":2,"minecraft:chiseled_stone_bricks":1,"minecraft:torch":10,"cataclysm:obsidian_bricks":332,"cataclysm:void_lantern_block":13}},"DataVersion":2586}