{"stats":{"minecraft:used":{"waystones:waystone":2,"minecraft:torch":10,"minecraft:diamond_pickaxe":1,"minecraft:lantern":210,"minecraft:chest":4,"minecraft:dark_oak_slab":1,"cataclysm:void_lantern_block":7},"minecraft:picked_up":{"minecraft:arrow":2,"minecraft:bone":2,"minecraft:torch":1,"waystones:waystone":1,"tombstone:grave_dust":1,"tombstone:magic_scroll":1},"minecraft:killed":{"minecraft:skeleton":4,"minecraft:zombie":2,"minecraft:creeper":1},"minecraft:custom":{"minecraft:open_chest":34,"minecraft:time_since_rest":41306,"minecraft:crouch_one_cm":5,"minecraft:play_one_minute":41306,"minecraft:waystone_activated":3,"minecraft:sprint_one_cm":15036,"tombstone:undead_killed":6,"minecraft:walk_one_cm":61711,"minecraft:sneak_time":214,"minecraft:walk_under_water_one_cm":327,"minecraft:mob_kills":7,"minecraft:drop":1,"minecraft:jump":162,"minecraft:damage_dealt":1447,"minecraft:walk_on_water_one_cm":231,"minecraft:time_since_death":41306,"minecraft:fly_one_cm":273495},"minecraft:dropped":{"minecraft:lantern":1}},"DataVersion":2586}