{"stats":{"minecraft:killed":{"minecraft:skeleton":6,"minecraft:zombie":3,"minecraft:creeper":1},"minecraft:custom":{"minecraft:open_chest":34,"minecraft:time_since_rest":6062,"minecraft:waystone_activated":3,"minecraft:play_one_minute":75967,"minecraft:crouch_one_cm":5,"minecraft:walk_one_cm":110436,"minecraft:sprint_one_cm":30236,"tombstone:undead_killed":9,"minecraft:deaths":9,"minecraft:sneak_time":249,"minecraft:walk_under_water_one_cm":327,"minecraft:mob_kills":10,"minecraft:drop":3,"minecraft:jump":242,"minecraft:damage_dealt":2047,"minecraft:leave_game":2,"minecraft:time_since_death":6362,"minecraft:walk_on_water_one_cm":574,"minecraft:fly_one_cm":333091},"minecraft:picked_up":{"minecraft:arrow":5,"minecraft:bone":3,"minecraft:rotten_flesh":2,"minecraft:bow":1,"minecraft:torch":1,"waystones:waystone":1,"tombstone:grave_dust":1,"minecraft:grass_block":1,"tombstone:magic_scroll":1},"minecraft:dropped":{"minecraft:lantern":1,"cataclysm:obsidian_bricks":1,"minecraft:grass_block":1},"minecraft:used":{"waystones:waystone":2,"minecraft:glass":1,"minecraft:diamond_pickaxe":1,"minecraft:grass_block":65,"minecraft:lantern":251,"minecraft:chest":4,"minecraft:dark_oak_slab":1,"tombstone:grave_key":1,"cataclysm:obsidian_bricks":324,"minecraft:netherite_sword":7,"cataclysm:void_lantern_block":13,"minecraft:torch":10}},"DataVersion":2586}