{"stats":{"minecraft:used":{"waystones:waystone":1,"minecraft:torch":10,"minecraft:diamond_pickaxe":1,"cataclysm:void_lantern_block":6},"minecraft:picked_up":{"minecraft:arrow":2,"minecraft:bone":2,"minecraft:torch":1,"waystones:waystone":1,"tombstone:grave_dust":1,"tombstone:magic_scroll":1},"minecraft:killed":{"minecraft:skeleton":4,"minecraft:zombie":1,"minecraft:creeper":1},"minecraft:custom":{"minecraft:time_since_rest":17306,"minecraft:play_one_minute":17306,"minecraft:waystone_activated":2,"minecraft:sprint_one_cm":1088,"tombstone:undead_killed":5,"minecraft:walk_one_cm":33218,"minecraft:sneak_time":61,"minecraft:mob_kills":6,"minecraft:jump":49,"minecraft:damage_dealt":1247,"minecraft:time_since_death":17306,"minecraft:fly_one_cm":102704}},"DataVersion":2586}