{"stats":{"minecraft:mined":{"create:zinc_ore":2,"minecraft:spruce_planks":2,"minecraft:dark_oak_log":1,"minecraft:granite":15,"travelersbackpack:red_sleeping_bag":2,"minecraft:grass_block":65,"minecraft:spruce_leaves":6,"minecraft:oxeye_daisy":1,"minecraft:sandstone":8,"minecraft:hay_block":81,"minecraft:furnace":5,"minecraft:iron_ore":85,"minecraft:fire":5,"minecraft:andesite":23,"minecraft:stripped_spruce_log":1,"create:copper_ore":42,"minecraft:bookshelf":36,"minecraft:red_tulip":1,"minecraft:light_gray_concrete":1,"minecraft:stone":408,"minecraft:spruce_slab":1,"minecraft:gray_concrete":1,"minecraft:observer":1,"minecraft:polished_granite":2,"minecraft:chiseled_quartz_block":2,"minecraft:crafting_table":5,"minecraft:cornflower":1,"minecraft:torch":4,"minecraft:poppy":1,"minecraft:chest":1,"minecraft:dead_bush":1,"minecraft:tall_grass":19,"minecraft:cobblestone":8,"minecraft:sugar_cane":3,"minecraft:oak_planks":1,"minecraft:diorite":2,"minecraft:wall_torch":1,"securitycraft:dirt_mine":2,"minecraft:birch_leaves":8,"minecraft:black_bed":4,"minecraft:grass":168,"minecraft:oak_log":19,"minecraft:coal_ore":108,"minecraft:sand":13,"minecraft:gravel":3,"minecraft:dirt":79,"minecraft:smooth_quartz":4,"minecraft:oak_leaves":34},"minecraft:killed":{"alexsmobs:raccoon":2,"minecraft:spider":1,"alexsmobs:tasmanian_devil":3,"alexsmobs:rattlesnake":1,"minecraft:skeleton":16,"minecraft:chicken":1,"minecraft:creeper":1,"minecraft:sheep":4,"minecraft:zombie":11,"alexsmobs:cockroach":1,"alexsmobs:roadrunner":1,"minecraft:cow":4},"minecraft:dropped":{"minecraft:iron_ingot":59,"minecraft:bread":41,"minecraft:stripped_spruce_log":9,"minecraft:wheat_seeds":12,"minecraft:diamond":12,"minecraft:feather":3,"minecraft:cobblestone":9,"minecraft:lantern":2,"minecraft:granite":4,"travelersbackpack:standard":1,"minecraft:grass_block":1,"minecraft:structure_void":6,"minecraft:oxeye_daisy":1,"minecraft:dirt":75,"minecraft:redstone_lamp":6,"minecraft:diorite":1,"minecraft:cornflower":1,"minecraft:mutton":1,"minecraft:smooth_quartz":5,"tombstone:grave_dust":5,"minecraft:iron_pickaxe":1,"minecraft:string":7,"alexsmobs:raccoon_tail":2,"minecraft:gold_ingot":2,"minecraft:bone":6,"minecraft:gravel":2,"minecraft:stone_axe":2,"minecraft:sugar_cane":2,"minecraft:player_head":7,"minecraft:chiseled_quartz_block":2,"minecraft:stone_sword":1,"camera:image_frame":1,"tombstone:gift":2,"minecraft:rotten_flesh":5,"minecraft:wither_skeleton_skull":1,"minecraft:light_gray_concrete":2,"cataclysm:chiseled_obsidian_bricks":3,"minecraft:sandstone_wall":1,"minecraft:poppy":2,"minecraft:rabbit_hide":2,"minecraft:hay_block":3,"cataclysm:obsidian_bricks":1,"minecraft:flower_pot":1,"minecraft:stone_pickaxe":1,"minecraft:stone_bricks":1,"minecraft:spruce_slab":2,"minecraft:wooden_pickaxe":1,"minecraft:beef":7,"minecraft:arrow":3,"minecraft:glass":20,"waystones:waystone":1,"minecraft:stone_brick_stairs":1,"minecraft:egg":2},"minecraft:custom":{"minecraft:interact_with_smithing_table":1,"minecraft:interact_with_anvil":3,"minecraft:mob_kills":50,"minecraft:interact_with_crafting_table":18,"minecraft:open_barrel":18,"minecraft:leave_game":7,"minecraft:time_since_death":3403,"minecraft:climb_one_cm":19924,"minecraft:sprint_one_cm":211502,"minecraft:walk_one_cm":1154712,"minecraft:damage_blocked_by_shield":1830,"minecraft:drop":148,"minecraft:deaths":25,"minecraft:sneak_time":5189,"minecraft:walk_under_water_one_cm":11458,"minecraft:jump":3025,"minecraft:interact_with_blast_furnace":1,"minecraft:walk_on_water_one_cm":39916,"minecraft:interact_with_furnace":15,"minecraft:tune_noteblock":3,"minecraft:play_one_minute":545848,"minecraft:sleep_in_bed":7,"minecraft:time_since_rest":2819,"minecraft:waystone_activated":6,"minecraft:damage_taken":6670,"minecraft:damage_absorbed":313,"minecraft:damage_dealt":11125,"minecraft:minecart_one_cm":58138,"minecraft:swim_one_cm":2330,"minecraft:fly_one_cm":1106837,"minecraft:open_chest":83,"minecraft:crouch_one_cm":7631,"tombstone:undead_killed":27,"minecraft:fall_one_cm":66670},"minecraft:used":{"minecraft:netherite_sword":7,"minecraft:flint_and_steel":3,"minecraft:red_concrete":2,"minecraft:poppy":1,"minecraft:chest":8,"minecraft:spruce_planks":2,"minecraft:shield":42,"minecraft:iron_sword":296,"minecraft:stone":5,"securitycraft:reinforced_basalt":9,"create:sticky_mechanical_piston":1,"alexsmobs:spawn_egg_cockroach":18,"minecraft:player_head":23,"minecraft:debug_stick":19,"minecraft:torch":98,"minecraft:dirt":765,"minecraft:birch_pressure_plate":2,"minecraft:anvil":1,"minecraft:skeleton_spawn_egg":3,"cataclysm:chiseled_obsidian_bricks":6,"minecraft:granite":10,"minecraft:stripped_spruce_log":1,"minecraft:glass":1,"minecraft:black_stained_glass_pane":3,"minecraft:lantern":263,"minecraft:iron_axe":84,"minecraft:quartz_slab":7,"minecraft:grass_block":69,"minecraft:dark_oak_slab":6,"create:creative_motor":1,"minecraft:stone_brick_stairs":7,"minecraft:stone_bricks":5,"travelersbackpack:red_sleeping_bag":3,"alexsmobs:hummingbird_feeder":1,"securitycraft:dirt_mine":9,"alexsmobs:lobster_bucket":2,"minecraft:furnace":7,"minecraft:minecart":3,"tombstone:gift":8,"cataclysm:void_lantern_block":22,"create:wand_of_symmetry":13,"create:handheld_worldshaper":8,"minecraft:water_bucket":3,"minecraft:cobblestone_stairs":1,"minecraft:wither_skeleton_skull":1,"minecraft:stone_pickaxe":423,"minecraft:polished_andesite":10,"minecraft:oak_planks":12,"minecraft:wooden_pickaxe":23,"minecraft:sandstone":1,"minecraft:sugar_cane":3,"minecraft:structure_void":9,"minecraft:white_wool":1,"minecraft:diamond_block":19,"minecraft:sand":10,"minecraft:lime_bed":1,"minecraft:crafting_table":9,"minecraft:lingering_potion":24,"minecraft:black_bed":5,"minecraft:spruce_log":1,"waystones:waystone":4,"minecraft:redstone_torch":2,"minecraft:diamond_pickaxe":1,"gobber2:gobber2_sword_end":1,"create:super_glue":13,"minecraft:dark_oak_log":1,"minecraft:iron_pickaxe":322,"minecraft:command_block":5,"minecraft:bread":42,"minecraft:polished_granite":8,"tombstone:grave_key":6,"minecraft:chiseled_stone_bricks":1,"minecraft:gravel":1,"minecraft:stone_axe":2,"minecraft:fishing_rod":4,"travelersbackpack:standard":8,"minecraft:cobblestone":202,"minecraft:andesite":22,"minecraft:bucket":5,"minecraft:repeating_command_block":1,"cataclysm:obsidian_bricks":359},"minecraft:picked_up":{"minecraft:fishing_rod":1,"minecraft:crafting_table":5,"alexsmobs:maraca":1,"minecraft:chicken":1,"minecraft:flower_pot":1,"minecraft:redstone_lamp":7,"cataclysm:chiseled_obsidian_bricks":1,"minecraft:shield":2,"minecraft:cornflower":1,"minecraft:string":7,"minecraft:flint_and_steel":1,"minecraft:quartz_slab":1,"minecraft:spruce_planks":2,"minecraft:beef":7,"minecraft:player_head":1,"minecraft:observer":1,"minecraft:poppy":3,"minecraft:smooth_quartz":5,"minecraft:spruce_slab":2,"alexsmobs:raccoon_tail":2,"minecraft:enchanted_golden_apple":1,"minecraft:sugar_cane":7,"minecraft:furnace":6,"minecraft:iron_boots":1,"minecraft:egg":2,"minecraft:stick":2,"minecraft:sandstone":1,"minecraft:torch":18,"alexsmobs:lobster_bucket":1,"minecraft:sandstone_wall":1,"tombstone:grave_dust":5,"minecraft:diorite":1,"minecraft:redstone":19,"minecraft:arrow":16,"minecraft:rotten_flesh":8,"minecraft:hay_block":78,"minecraft:mutton":5,"minecraft:white_wool":4,"minecraft:cobblestone":393,"minecraft:oxeye_daisy":1,"minecraft:feather":3,"minecraft:lilac":1,"minecraft:water_bucket":1,"minecraft:andesite":22,"minecraft:black_bed":5,"minecraft:leather":6,"travelersbackpack:red_sleeping_bag":3,"minecraft:chiseled_quartz_block":2,"minecraft:cobblestone_stairs":1,"minecraft:oak_log":18,"cataclysm:obsidian_bricks":1,"minecraft:gunpowder":1,"minecraft:white_banner":1,"minecraft:dirt":182,"minecraft:lantern":2,"tombstone:gift":4,"minecraft:glass":12,"minecraft:bone":20,"create:copper_ore":41,"minecraft:bow":1,"minecraft:wheat_seeds":19,"minecraft:stone_pickaxe":1,"minecraft:rabbit_hide":2,"minecraft:iron_ingot":10,"minecraft:iron_ore":86,"minecraft:oak_planks":1,"minecraft:purple_concrete":1,"minecraft:book":107,"minecraft:dark_oak_slab":2,"minecraft:gravel":3,"minecraft:structure_void":5,"alexsmobs:sombrero":2,"minecraft:black_stained_glass_pane":20,"minecraft:sand":10,"minecraft:stripped_spruce_log":11,"minecraft:grass_block":1,"minecraft:dark_oak_log":1,"alexsmobs:animal_dictionary":1,"minecraft:light_gray_concrete":2,"travelersbackpack:standard":4,"minecraft:blue_terracotta":2,"minecraft:sugar":1,"minecraft:polished_diorite":1,"minecraft:purple_glazed_terracotta":1,"minecraft:stone_axe":1,"waystones:waystone":2,"alexsmobs:rattlesnake_rattle":1,"minecraft:granite":14,"minecraft:golden_apple":2,"minecraft:bread":32,"tombstone:magic_scroll":1,"minecraft:dark_oak_fence":3,"minecraft:coal":134},"minecraft:killed_by":{"minecraft:creeper":1,"minecraft:skeleton":6,"minecraft:zombie":1},"minecraft:broken":{"minecraft:stone_pickaxe":3},"minecraft:crafted":{"minecraft:oak_planks":72,"minecraft:furnace":4,"minecraft:glass":8,"minecraft:iron_boots":1,"minecraft:iron_axe":1,"minecraft:stone_pickaxe":4,"minecraft:wheat":495,"minecraft:crafting_table":5,"minecraft:spruce_planks":4,"minecraft:wooden_pickaxe":1,"minecraft:iron_sword":1,"minecraft:hay_block":55,"minecraft:stone_axe":1,"minecraft:air":0,"minecraft:iron_chestplate":1,"minecraft:stick":36,"minecraft:iron_ingot":33,"minecraft:iron_pickaxe":2,"minecraft:stone_sword":1,"minecraft:iron_leggings":1,"minecraft:torch":72}},"DataVersion":2586}