{"stats":{"minecraft:killed":{"minecraft:skeleton":6,"minecraft:zombie":3,"minecraft:creeper":1},"minecraft:custom":{"minecraft:time_since_rest":32406,"minecraft:waystone_activated":3,"minecraft:sprint_one_cm":32389,"minecraft:walk_one_cm":170431,"minecraft:mob_kills":10,"minecraft:drop":9,"minecraft:damage_dealt":2227,"minecraft:fly_one_cm":401966,"minecraft:open_chest":44,"minecraft:crouch_one_cm":5,"minecraft:play_one_minute":123967,"tombstone:undead_killed":9,"minecraft:deaths":10,"minecraft:sneak_time":288,"minecraft:walk_under_water_one_cm":327,"minecraft:jump":315,"minecraft:leave_game":2,"minecraft:walk_on_water_one_cm":1691,"minecraft:time_since_death":32867,"minecraft:climb_one_cm":128},"minecraft:picked_up":{"minecraft:water_bucket":1,"minecraft:torch":2,"cataclysm:obsidian_bricks":1,"tombstone:grave_dust":1,"minecraft:grass_block":1,"alexsmobs:animal_dictionary":1,"tombstone:gift":2,"minecraft:bone":3,"minecraft:arrow":5,"minecraft:rotten_flesh":2,"minecraft:bow":1,"waystones:waystone":1,"minecraft:player_head":1,"tombstone:magic_scroll":1},"minecraft:dropped":{"cataclysm:obsidian_bricks":1,"minecraft:player_head":6,"minecraft:lantern":1,"minecraft:grass_block":1},"minecraft:used":{"minecraft:redstone_torch":1,"minecraft:glass":1,"waystones:waystone":2,"minecraft:netherite_sword":7,"minecraft:diamond_pickaxe":1,"minecraft:command_block":2,"minecraft:lantern":251,"minecraft:grass_block":65,"minecraft:chest":4,"minecraft:dark_oak_slab":1,"tombstone:grave_key":2,"minecraft:player_head":10,"minecraft:stone_bricks":2,"minecraft:chiseled_stone_bricks":1,"minecraft:torch":10,"minecraft:birch_pressure_plate":2,"cataclysm:chiseled_obsidian_bricks":4,"cataclysm:obsidian_bricks":357,"cataclysm:void_lantern_block":22}},"DataVersion":2586}