{"stats":{"minecraft:killed_by":{"minecraft:creeper":1,"minecraft:zombie":1,"minecraft:skeleton":6},"minecraft:crafted":{"minecraft:oak_planks":140,"minecraft:glass":8,"minecraft:iron_boots":2,"minecraft:crafting_table":7,"minecraft:spruce_planks":4,"minecraft:wooden_pickaxe":2,"minecraft:hay_block":55,"minecraft:iron_chestplate":2,"minecraft:stick":52,"minecraft:iron_ingot":33,"minecraft:iron_pickaxe":4,"minecraft:stone_sword":1,"minecraft:furnace":4,"minecraft:flint_and_steel":1,"minecraft:iron_axe":2,"minecraft:stone_pickaxe":6,"minecraft:wheat":495,"minecraft:iron_sword":2,"minecraft:stone_axe":1,"minecraft:air":0,"minecraft:iron_leggings":2,"minecraft:torch":72},"minecraft:killed":{"minecraft:spider":1,"minecraft:skeleton":16,"minecraft:chicken":1,"minecraft:creeper":5,"minecraft:sheep":4,"minecraft:zombie":11,"alexsmobs:roadrunner":1,"minecraft:cow":4,"alexsmobs:raccoon":2,"alexsmobs:tasmanian_devil":3,"alexsmobs:rattlesnake":1,"alexsmobs:cockroach":1},"minecraft:picked_up":{"minecraft:iron_chestplate":1,"alexsmobs:maraca":1,"minecraft:flower_pot":1,"cataclysm:chiseled_obsidian_bricks":1,"minecraft:enchanted_book":1,"minecraft:string":7,"minecraft:iron_leggings":1,"minecraft:bucket":1,"minecraft:spruce_planks":2,"minecraft:smooth_quartz":5,"minecraft:iron_pickaxe":1,"minecraft:enchanted_golden_apple":2,"alexsmobs:raccoon_tail":2,"minecraft:iron_boots":1,"minecraft:furnace":6,"minecraft:stick":2,"minecraft:torch":33,"alexsmobs:lobster_bucket":1,"minecraft:sandstone_wall":1,"tombstone:grave_dust":13,"minecraft:diorite":18,"minecraft:honey_bottle":16,"minecraft:rotten_flesh":8,"alexsmobs:blobfish_bucket":1,"minecraft:cobblestone":605,"minecraft:feather":3,"minecraft:lilac":1,"minecraft:water_bucket":4,"minecraft:andesite":30,"minecraft:black_bed":5,"minecraft:chiseled_quartz_block":2,"minecraft:flint":1,"cataclysm:obsidian_bricks":1,"minecraft:lapis_lazuli":42,"minecraft:dirt":292,"minecraft:lantern":4,"minecraft:glass":12,"minecraft:bone":22,"create:copper_ore":60,"minecraft:bow":2,"minecraft:wheat_seeds":24,"minecraft:oak_planks":3,"minecraft:black_stained_glass_pane":20,"minecraft:structure_void":5,"minecraft:sand":10,"minecraft:stripped_spruce_log":20,"minecraft:grass_block":1,"alexsmobs:animal_dictionary":1,"minecraft:dark_oak_log":1,"minecraft:light_gray_concrete":2,"minecraft:blue_terracotta":2,"minecraft:sugar":1,"minecraft:diamond":13,"waystones:waystone":3,"alexsmobs:rattlesnake_rattle":1,"minecraft:granite":19,"minecraft:golden_apple":3,"minecraft:bread":114,"minecraft:dark_oak_fence":3,"minecraft:fishing_rod":1,"minecraft:crafting_table":9,"minecraft:coarse_dirt":2,"minecraft:azure_bluet":1,"minecraft:chicken":1,"minecraft:redstone_lamp":7,"minecraft:shield":4,"minecraft:cornflower":1,"minecraft:iron_axe":1,"minecraft:flint_and_steel":1,"minecraft:quartz_slab":1,"minecraft:beef":7,"create:zinc_ore":15,"minecraft:player_head":1,"minecraft:observer":1,"minecraft:poppy":3,"minecraft:spruce_slab":2,"minecraft:sugar_cane":7,"minecraft:spruce_trapdoor":3,"minecraft:egg":2,"minecraft:sandstone":1,"minecraft:redstone":207,"minecraft:arrow":17,"minecraft:hay_block":78,"minecraft:mutton":5,"minecraft:white_wool":4,"minecraft:oxeye_daisy":1,"minecraft:golden_carrot":2,"minecraft:leather":6,"travelersbackpack:red_sleeping_bag":4,"minecraft:oak_log":35,"minecraft:gunpowder":3,"minecraft:cobblestone_stairs":1,"tombstone:gift":4,"minecraft:white_banner":1,"minecraft:stone_bricks":10,"minecraft:rabbit_hide":2,"minecraft:iron_ingot":10,"minecraft:stone_pickaxe":1,"minecraft:iron_ore":152,"minecraft:iron_sword":1,"minecraft:dark_oak_stairs":6,"minecraft:purple_concrete":1,"minecraft:book":107,"minecraft:dark_oak_slab":2,"minecraft:dandelion":1,"minecraft:gravel":14,"alexsmobs:sombrero":3,"minecraft:gold_ore":29,"travelersbackpack:standard":7,"minecraft:stone_axe":1,"minecraft:purple_glazed_terracotta":1,"minecraft:polished_diorite":1,"minecraft:iron_helmet":1,"minecraft:terracotta":10,"tombstone:magic_scroll":1,"minecraft:coal":230,"minecraft:hopper":1,"minecraft:ender_pearl":2},"minecraft:mined":{"minecraft:spruce_planks":2,"minecraft:granite":20,"travelersbackpack:red_sleeping_bag":2,"minecraft:grass_block":66,"minecraft:oxeye_daisy":1,"minecraft:iron_ore":151,"minecraft:fire":6,"create:copper_ore":42,"minecraft:red_tulip":1,"minecraft:light_gray_concrete":1,"minecraft:spruce_slab":1,"minecraft:chiseled_quartz_block":2,"minecraft:torch":4,"minecraft:poppy":1,"minecraft:chest":1,"minecraft:dead_bush":1,"minecraft:cobblestone":9,"minecraft:sugar_cane":3,"minecraft:oak_planks":1,"minecraft:wall_torch":1,"minecraft:black_bed":4,"minecraft:grass":169,"minecraft:oak_log":36,"minecraft:dirt":85,"minecraft:sand":13,"minecraft:smooth_quartz":4,"minecraft:oak_leaves":36,"create:zinc_ore":17,"minecraft:diamond_ore":13,"minecraft:dark_oak_log":1,"minecraft:spruce_leaves":6,"minecraft:sandstone":8,"minecraft:hay_block":81,"minecraft:redstone_ore":42,"minecraft:furnace":5,"minecraft:andesite":30,"minecraft:stripped_spruce_log":1,"minecraft:bookshelf":36,"minecraft:stone":601,"minecraft:gray_concrete":1,"minecraft:observer":1,"minecraft:polished_granite":2,"minecraft:dandelion":1,"minecraft:crafting_table":9,"minecraft:cornflower":1,"minecraft:tall_grass":19,"minecraft:lapis_ore":7,"minecraft:diorite":15,"minecraft:birch_leaves":8,"securitycraft:dirt_mine":2,"minecraft:coal_ore":204,"minecraft:gravel":21,"minecraft:gold_ore":29},"minecraft:used":{"minecraft:poppy":1,"minecraft:chest":13,"minecraft:shield":47,"minecraft:stone":5,"minecraft:iron_sword":313,"minecraft:player_head":23,"minecraft:debug_stick":19,"minecraft:birch_pressure_plate":2,"minecraft:skeleton_spawn_egg":3,"cataclysm:chiseled_obsidian_bricks":6,"minecraft:stripped_spruce_log":1,"minecraft:glass":1,"minecraft:quartz_slab":7,"minecraft:black_stained_glass_pane":3,"minecraft:lantern":263,"minecraft:grass_block":69,"minecraft:dark_oak_slab":6,"minecraft:stone_brick_stairs":7,"minecraft:stone_bricks":5,"travelersbackpack:red_sleeping_bag":3,"minecraft:bow":8,"minecraft:furnace":7,"cataclysm:void_lantern_block":22,"minecraft:wither_skeleton_skull":1,"minecraft:stone_pickaxe":631,"minecraft:oak_planks":12,"minecraft:wooden_pickaxe":58,"minecraft:sandstone":1,"minecraft:structure_void":9,"minecraft:sugar_cane":3,"minecraft:white_wool":1,"minecraft:sand":10,"minecraft:lingering_potion":24,"minecraft:black_bed":5,"minecraft:redstone_torch":2,"waystones:waystone":4,"create:super_glue":13,"minecraft:dark_oak_log":1,"minecraft:bread":44,"minecraft:polished_granite":8,"tombstone:grave_key":6,"minecraft:gravel":1,"minecraft:andesite":22,"minecraft:netherite_sword":7,"minecraft:flint_and_steel":26,"minecraft:red_concrete":2,"minecraft:spruce_planks":2,"securitycraft:reinforced_basalt":9,"create:sticky_mechanical_piston":1,"alexsmobs:spawn_egg_cockroach":18,"minecraft:torch":165,"minecraft:dirt":768,"minecraft:anvil":1,"minecraft:granite":10,"minecraft:iron_axe":85,"create:creative_motor":1,"alexsmobs:hummingbird_feeder":1,"alexsmobs:lobster_bucket":2,"securitycraft:dirt_mine":9,"minecraft:minecart":3,"tombstone:gift":8,"create:wand_of_symmetry":13,"create:handheld_worldshaper":8,"minecraft:water_bucket":3,"minecraft:cobblestone_stairs":1,"minecraft:polished_andesite":10,"minecraft:diamond_block":19,"minecraft:rail":1,"minecraft:crafting_table":14,"minecraft:lime_bed":1,"minecraft:spruce_log":1,"minecraft:diamond_pickaxe":1,"gobber2:gobber2_sword_end":1,"minecraft:command_block":5,"minecraft:iron_pickaxe":587,"minecraft:stone_axe":2,"minecraft:chiseled_stone_bricks":1,"minecraft:fishing_rod":35,"minecraft:cobblestone":230,"travelersbackpack:standard":9,"minecraft:bucket":5,"minecraft:repeating_command_block":1,"cataclysm:obsidian_bricks":359},"minecraft:custom":{"minecraft:interact_with_crafting_table":24,"minecraft:open_barrel":19,"minecraft:leave_game":7,"minecraft:time_since_death":74650,"minecraft:sprint_one_cm":226792,"minecraft:damage_blocked_by_shield":2060,"minecraft:drop":165,"minecraft:deaths":25,"minecraft:jump":3363,"minecraft:walk_on_water_one_cm":48345,"minecraft:interact_with_furnace":15,"minecraft:play_one_minute":617095,"minecraft:sleep_in_bed":7,"minecraft:waystone_activated":6,"minecraft:damage_dealt":12095,"minecraft:crouch_one_cm":7631,"tombstone:undead_killed":27,"minecraft:interact_with_smithing_table":1,"minecraft:mob_kills":55,"minecraft:interact_with_anvil":3,"minecraft:climb_one_cm":19924,"minecraft:walk_one_cm":1294259,"minecraft:sneak_time":5265,"minecraft:walk_under_water_one_cm":11608,"minecraft:interact_with_blast_furnace":1,"minecraft:tune_noteblock":3,"minecraft:time_since_rest":74066,"minecraft:damage_taken":6670,"minecraft:damage_absorbed":313,"minecraft:minecart_one_cm":58138,"minecraft:swim_one_cm":2330,"minecraft:fly_one_cm":1239751,"minecraft:open_chest":100,"minecraft:fall_one_cm":70351},"minecraft:dropped":{"minecraft:diamond":12,"minecraft:lantern":2,"travelersbackpack:standard":1,"minecraft:rail":1,"minecraft:structure_void":6,"minecraft:redstone_lamp":6,"minecraft:dirt":79,"minecraft:cornflower":1,"minecraft:mutton":1,"minecraft:iron_pickaxe":1,"alexsmobs:raccoon_tail":2,"minecraft:gold_ingot":2,"minecraft:bone":6,"minecraft:gravel":13,"minecraft:stone_axe":2,"minecraft:sugar_cane":2,"tombstone:gift":2,"minecraft:rotten_flesh":5,"minecraft:rabbit_hide":2,"minecraft:sandstone_wall":1,"minecraft:poppy":2,"minecraft:gunpowder":2,"minecraft:chest":1,"minecraft:spruce_slab":2,"minecraft:arrow":3,"minecraft:beef":7,"minecraft:glass":20,"minecraft:stone_brick_stairs":1,"minecraft:egg":2,"minecraft:water_bucket":4,"minecraft:iron_ingot":59,"minecraft:bread":42,"minecraft:stripped_spruce_log":9,"minecraft:wheat_seeds":12,"minecraft:minecart":1,"minecraft:feather":3,"minecraft:cobblestone":9,"minecraft:granite":9,"minecraft:grass_block":1,"minecraft:oxeye_daisy":1,"minecraft:diorite":14,"minecraft:smooth_quartz":5,"tombstone:grave_dust":7,"minecraft:string":7,"minecraft:dandelion":1,"minecraft:player_head":7,"minecraft:stone_sword":1,"minecraft:chiseled_quartz_block":2,"camera:image_frame":1,"minecraft:wither_skeleton_skull":1,"minecraft:light_gray_concrete":2,"cataclysm:chiseled_obsidian_bricks":3,"minecraft:hay_block":3,"cataclysm:obsidian_bricks":1,"minecraft:flower_pot":1,"minecraft:andesite":8,"minecraft:stone_bricks":1,"minecraft:stone_pickaxe":1,"minecraft:wooden_pickaxe":1,"waystones:waystone":1},"minecraft:broken":{"minecraft:stone_pickaxe":4,"minecraft:iron_pickaxe":1}},"DataVersion":2586}