{"stats":{"minecraft:dropped":{"minecraft:player_head":7,"camera:image_frame":1,"tombstone:gift":1,"minecraft:wither_skeleton_skull":1,"minecraft:lantern":1,"cataclysm:chiseled_obsidian_bricks":1,"minecraft:grass_block":1,"minecraft:structure_void":6,"cataclysm:obsidian_bricks":1},"minecraft:picked_up":{"alexsmobs:maraca":1,"minecraft:water_bucket":1,"minecraft:redstone_lamp":1,"cataclysm:obsidian_bricks":1,"minecraft:white_banner":1,"minecraft:lantern":1,"tombstone:gift":2,"minecraft:quartz_slab":1,"minecraft:bone":4,"minecraft:bow":1,"minecraft:player_head":1,"minecraft:sugar_cane":2,"minecraft:purple_concrete":1,"minecraft:dark_oak_slab":2,"minecraft:torch":3,"alexsmobs:sombrero":1,"minecraft:black_stained_glass_pane":20,"minecraft:structure_void":5,"tombstone:grave_dust":1,"minecraft:grass_block":1,"alexsmobs:animal_dictionary":1,"minecraft:arrow":6,"minecraft:blue_terracotta":2,"minecraft:rotten_flesh":2,"minecraft:polished_diorite":1,"minecraft:purple_glazed_terracotta":1,"waystones:waystone":1,"tombstone:magic_scroll":1,"minecraft:dark_oak_fence":3},"minecraft:custom":{"minecraft:mob_kills":11,"minecraft:interact_with_anvil":3,"minecraft:play_one_minute":272859,"minecraft:leave_game":2,"minecraft:time_since_death":52037,"minecraft:climb_one_cm":450,"minecraft:time_since_rest":51652,"minecraft:waystone_activated":5,"minecraft:sprint_one_cm":52315,"minecraft:damage_absorbed":114,"minecraft:damage_taken":1340,"minecraft:walk_one_cm":290825,"minecraft:drop":20,"minecraft:minecart_one_cm":58138,"minecraft:damage_dealt":2287,"minecraft:swim_one_cm":362,"minecraft:fly_one_cm":983460,"minecraft:open_chest":58,"minecraft:crouch_one_cm":43,"tombstone:undead_killed":9,"minecraft:deaths":16,"minecraft:sneak_time":795,"minecraft:walk_under_water_one_cm":2361,"minecraft:jump":583,"minecraft:walk_on_water_one_cm":23419,"minecraft:fall_one_cm":10930},"minecraft:killed_by":{"minecraft:skeleton":1,"minecraft:zombie":1},"minecraft:killed":{"minecraft:creeper":1,"minecraft:skeleton":6,"alexsmobs:cockroach":1,"minecraft:zombie":3},"minecraft:used":{"create:wand_of_symmetry":1,"create:handheld_worldshaper":8,"minecraft:netherite_sword":7,"minecraft:wither_skeleton_skull":1,"minecraft:red_concrete":2,"minecraft:polished_andesite":10,"minecraft:chest":8,"minecraft:stone":5,"create:sticky_mechanical_piston":1,"securitycraft:reinforced_basalt":9,"minecraft:structure_void":9,"alexsmobs:spawn_egg_cockroach":18,"minecraft:player_head":23,"minecraft:debug_stick":19,"minecraft:torch":12,"minecraft:dirt":2,"minecraft:birch_pressure_plate":2,"minecraft:anvil":1,"minecraft:skeleton_spawn_egg":3,"minecraft:lingering_potion":24,"cataclysm:chiseled_obsidian_bricks":5,"minecraft:spruce_log":1,"minecraft:redstone_torch":2,"minecraft:glass":1,"waystones:waystone":3,"gobber2:gobber2_sword_end":1,"minecraft:diamond_pickaxe":1,"create:super_glue":13,"minecraft:command_block":5,"minecraft:quartz_slab":7,"minecraft:black_stained_glass_pane":3,"minecraft:lantern":263,"minecraft:grass_block":65,"minecraft:dark_oak_slab":6,"tombstone:grave_key":4,"create:creative_motor":1,"minecraft:stone_brick_stairs":2,"minecraft:stone_bricks":2,"minecraft:chiseled_stone_bricks":1,"alexsmobs:hummingbird_feeder":1,"minecraft:minecart":3,"minecraft:repeating_command_block":1,"cataclysm:obsidian_bricks":359,"cataclysm:void_lantern_block":22},"minecraft:mined":{"minecraft:torch":1,"minecraft:sugar_cane":1,"minecraft:grass":1}},"DataVersion":2586}