{"stats":{"minecraft:custom":{"minecraft:time_since_rest":20069,"minecraft:open_chest":3,"minecraft:crouch_one_cm":216,"minecraft:waystone_activated":1,"minecraft:play_one_minute":39550,"minecraft:walk_one_cm":64395,"minecraft:sprint_one_cm":4405,"minecraft:damage_taken":570,"minecraft:deaths":9,"minecraft:sneak_time":439,"minecraft:walk_under_water_one_cm":193,"minecraft:drop":1,"minecraft:jump":95,"minecraft:time_since_death":20215,"minecraft:walk_on_water_one_cm":4306,"minecraft:fly_one_cm":89045,"minecraft:fall_one_cm":5936},"minecraft:mined":{"minecraft:player_head":4},"minecraft:picked_up":{"minecraft:tripwire_hook":2,"minecraft:player_head":12},"minecraft:dropped":{"minecraft:player_head":1},"minecraft:used":{"minecraft:stone_brick_stairs":1,"minecraft:oak_trapdoor":4,"minecraft:nether_brick_fence":2,"minecraft:chiseled_stone_bricks":3,"minecraft:water_bucket":8,"minecraft:sea_lantern":11,"cataclysm:obsidian_brick_stairs":25,"minecraft:command_block":3,"cataclysm:obsidian_brick_slab":14,"minecraft:string":1,"minecraft:spruce_planks":1,"cataclysm:chiseled_obsidian_bricks":29,"minecraft:player_head":11,"cataclysm:obsidian_bricks":97,"minecraft:tripwire_hook":3,"minecraft:torch":6,"cataclysm:void_lantern_block":65}},"DataVersion":2586}