{"stats":{"minecraft:custom":{"minecraft:jump":46,"minecraft:open_chest":1,"minecraft:time_since_rest":1342,"minecraft:damage_taken":570,"minecraft:waystone_activated":1,"minecraft:play_one_minute":15550,"minecraft:deaths":5,"minecraft:sprint_one_cm":1575,"minecraft:walk_on_water_one_cm":4163,"minecraft:time_since_death":1594,"minecraft:walk_one_cm":20206,"minecraft:sneak_time":213,"minecraft:walk_under_water_one_cm":193,"minecraft:fall_one_cm":5936,"minecraft:fly_one_cm":63653},"minecraft:picked_up":{"minecraft:player_head":2},"minecraft:used":{"minecraft:water_bucket":8,"minecraft:chiseled_stone_bricks":3,"minecraft:sea_lantern":11,"cataclysm:obsidian_brick_stairs":15,"cataclysm:obsidian_bricks":6,"cataclysm:obsidian_brick_slab":14,"minecraft:stone_brick_stairs":1,"cataclysm:void_lantern_block":29}},"DataVersion":2586}