{"stats":{"minecraft:custom":{"minecraft:time_since_rest":44069,"minecraft:open_chest":3,"minecraft:crouch_one_cm":216,"minecraft:waystone_activated":1,"minecraft:play_one_minute":63550,"minecraft:walk_one_cm":106478,"minecraft:sprint_one_cm":7399,"minecraft:damage_taken":570,"minecraft:deaths":9,"minecraft:sneak_time":508,"minecraft:walk_under_water_one_cm":3341,"minecraft:drop":1,"minecraft:jump":136,"minecraft:time_since_death":44215,"minecraft:walk_on_water_one_cm":6028,"minecraft:interact_with_beacon":1,"minecraft:fly_one_cm":97233,"minecraft:fall_one_cm":5936},"minecraft:mined":{"minecraft:player_head":4},"minecraft:picked_up":{"minecraft:tripwire_hook":2,"minecraft:lever":1,"minecraft:gold_block":1,"minecraft:player_head":12},"minecraft:dropped":{"minecraft:player_head":1},"minecraft:used":{"minecraft:stone_brick_stairs":1,"minecraft:oak_trapdoor":4,"minecraft:nether_brick_fence":2,"minecraft:chiseled_stone_bricks":4,"minecraft:water_bucket":8,"minecraft:sea_lantern":11,"cataclysm:obsidian_brick_stairs":25,"securitycraft:reinforced_gold_block":10,"minecraft:command_block":3,"cataclysm:obsidian_brick_slab":14,"minecraft:polished_andesite":1,"create:chiseled_dark_scoria":1,"minecraft:string":1,"minecraft:gold_block":54,"minecraft:spruce_planks":1,"cataclysm:chiseled_obsidian_bricks":48,"securitycraft:reinforced_black_concrete":206,"minecraft:beacon":6,"create:dark_scoria_bricks":2,"minecraft:player_head":11,"cataclysm:obsidian_bricks":97,"minecraft:tripwire_hook":3,"minecraft:torch":6,"cataclysm:void_lantern_block":105}},"DataVersion":2586}