{"stats":{"minecraft:killed":{"minecraft:witch":2,"minecraft:spider":9,"alexsmobs:snow_leopard":1,"alexsmobs:shoebill":2,"minecraft:skeleton":63,"alexsmobs:centipede_head":2,"minecraft:magma_cube":2,"alexsmobs:grizzly_bear":2,"minecraft:creeper":10,"minecraft:sheep":3,"minecraft:pillager":16,"minecraft:zombie":40,"minecraft:donkey":2,"minecraft:cow":6,"alexsmobs:raccoon":1,"minecraft:vindicator":8,"alexsmobs:tasmanian_devil":4,"alexsmobs:moose":2,"minecraft:enderman":1},"minecraft:custom":{"minecraft:interact_with_crafting_table":148,"minecraft:open_barrel":64,"minecraft:open_shulker_box":2,"minecraft:leave_game":7,"minecraft:time_since_death":72172,"minecraft:sprint_one_cm":1020714,"minecraft:damage_blocked_by_shield":5405,"minecraft:drop":105,"minecraft:talked_to_villager":5,"minecraft:deaths":56,"minecraft:jump":9030,"minecraft:walk_on_water_one_cm":117018,"minecraft:interact_with_furnace":79,"minecraft:traded_with_villager":2,"minecraft:play_one_minute":734149,"minecraft:sleep_in_bed":9,"minecraft:waystone_activated":5,"minecraft:damage_dealt":38883,"minecraft:interact_with_beacon":1,"minecraft:crouch_one_cm":16895,"tombstone:undead_killed":103,"minecraft:inspect_dispenser":1,"minecraft:interact_with_smithing_table":2,"minecraft:mob_kills":198,"minecraft:climb_one_cm":51848,"minecraft:walk_one_cm":1629887,"minecraft:sneak_time":11850,"minecraft:walk_under_water_one_cm":58653,"minecraft:boat_one_cm":449683,"tombstone:raider_killed":26,"minecraft:time_since_rest":71959,"minecraft:damage_taken":31643,"minecraft:damage_absorbed":248,"minecraft:minecart_one_cm":138067,"minecraft:swim_one_cm":78299,"minecraft:fly_one_cm":1829728,"minecraft:open_chest":142,"minecraft:fall_one_cm":343939},"minecraft:killed_by":{"minecraft:creeper":2,"minecraft:pillager":2,"minecraft:skeleton":18,"minecraft:phantom":1},"minecraft:mined":{"securitycraft:mine":3,"minecraft:spruce_planks":18,"create:dolomite":4,"minecraft:obsidian":1,"minecraft:granite":110,"travelersbackpack:red_sleeping_bag":7,"minecraft:stripped_crimson_hyphae":3,"minecraft:grass_block":38,"gobber2:gobber2_lucky_block":2,"minecraft:spawner":14,"gobber2:gobber2_ore":25,"minecraft:iron_ore":213,"minecraft:fire":153,"minecraft:barrel":1,"create:copper_ore":6,"minecraft:granite_slab":3,"minecraft:fletching_table":8,"minecraft:oak_stairs":7,"minecraft:spruce_wood":1,"minecraft:player_head":15,"minecraft:spruce_slab":1,"minecraft:tripwire":1,"travelersbackpack:melon":1,"minecraft:torch":25,"minecraft:poppy":1,"minecraft:chest":4,"minecraft:white_stained_glass_pane":6,"minecraft:cobblestone":193,"minecraft:birch_wood":3,"minecraft:sugar_cane":10,"minecraft:oak_planks":16,"minecraft:wall_torch":10,"minecraft:birch_log":90,"minecraft:lilac":1,"minecraft:tnt":5,"create:weathered_limestone":12,"minecraft:grass":49,"minecraft:oak_log":116,"minecraft:sand":48,"minecraft:dirt":45,"minecraft:smooth_quartz":1,"minecraft:crimson_planks":5,"minecraft:sandstone_wall":1,"minecraft:oak_leaves":27,"create:zinc_ore":12,"minecraft:diamond_ore":20,"minecraft:dark_oak_leaves":5,"minecraft:dark_oak_log":57,"minecraft:dark_oak_fence":1,"minecraft:jungle_planks":3,"minecraft:spruce_leaves":4,"minecraft:redstone_ore":30,"minecraft:oak_trapdoor":4,"minecraft:furnace":5,"minecraft:andesite":24,"minecraft:stripped_spruce_log":10,"minecraft:bookshelf":4,"securitycraft:cobblestone_mine":1,"minecraft:stone":1246,"minecraft:smithing_table":1,"minecraft:oak_slab":1,"minecraft:lily_of_the_valley":1,"minecraft:polished_granite":2,"minecraft:crafting_table":19,"minecraft:rose_bush":1,"minecraft:andesite_slab":1,"minecraft:tall_grass":13,"minecraft:lapis_ore":5,"minecraft:lily_pad":2,"minecraft:diorite":46,"minecraft:spruce_stairs":3,"minecraft:birch_planks":64,"minecraft:red_terracotta":15,"minecraft:sweet_berry_bush":1,"minecraft:spruce_log":153,"minecraft:birch_leaves":76,"securitycraft:dirt_mine":1,"minecraft:yellow_bed":1,"minecraft:coal_ore":164,"travelersbackpack:cow":1,"minecraft:gravel":64,"minecraft:terracotta":16,"minecraft:polished_andesite":6,"minecraft:stripped_acacia_wood":1,"minecraft:stone_bricks":1,"minecraft:gold_ore":34},"minecraft:crafted":{"securitycraft:mine":18,"minecraft:oak_planks":156,"minecraft:dark_oak_boat":1,"gobber2:gobber2_leggings":1,"minecraft:glass":36,"minecraft:dark_oak_door":3,"minecraft:iron_boots":3,"tombstone:grave_key":1,"minecraft:chest":13,"minecraft:oak_slab":12,"travelersbackpack:iron_tier_upgrade":1,"minecraft:emerald":2,"gobber2:gobber2_ingot":21,"minecraft:crafting_table":9,"minecraft:spruce_planks":292,"minecraft:iron_helmet":4,"travelersbackpack:standard":2,"minecraft:wooden_pickaxe":2,"gobber2:gobber2_axe":1,"minecraft:smithing_table":2,"gobber2:gobber2_rod":4,"minecraft:fletching_table":1,"minecraft:birch_planks":120,"minecraft:iron_chestplate":3,"minecraft:diamond_pickaxe":1,"minecraft:shield":3,"minecraft:stick":196,"minecraft:iron_ingot":170,"minecraft:iron_pickaxe":3,"minecraft:gold_ingot":8,"minecraft:shears":2,"minecraft:stone_shovel":1,"minecraft:furnace":4,"minecraft:bone_meal":6,"travelersbackpack:blank_upgrade":4,"travelersbackpack:gold_tier_upgrade":1,"minecraft:oak_trapdoor":4,"gobber2:gobber2_helmet":1,"gobber2:gobber2_glob":23,"minecraft:spruce_stairs":20,"minecraft:dark_oak_fence":18,"minecraft:iron_axe":2,"securitycraft:universal_block_remover":1,"minecraft:ladder":3,"minecraft:stone_pickaxe":4,"minecraft:diamond_boots":1,"minecraft:spruce_boat":1,"minecraft:dark_oak_planks":64,"minecraft:wheat":27,"minecraft:cooked_beef":18,"gobber2:gobber2_sword":1,"minecraft:crimson_planks":12,"travelersbackpack:backpack_tank":4,"minecraft:iron_sword":1,"minecraft:golden_shovel":1,"minecraft:bucket":1,"minecraft:stone_axe":3,"securitycraft:cobblestone_mine":3,"minecraft:bread":9,"minecraft:air":0,"securitycraft:dirt_mine":2,"minecraft:oak_stairs":24,"minecraft:iron_leggings":5,"minecraft:torch":128,"minecraft:diamond_chestplate":1},"minecraft:picked_up":{"minecraft:iron_chestplate":1,"create:dolomite_cobblestone":1,"minecraft:flower_pot":1,"minecraft:smithing_table":1,"minecraft:oak_stairs":7,"minecraft:potion":1,"minecraft:enchanted_book":6,"minecraft:crimson_planks":5,"minecraft:string":12,"minecraft:iron_leggings":2,"minecraft:sticky_piston":3,"securitycraft:reinforced_spruce_planks":2,"minecraft:spruce_planks":21,"alexsmobs:cooked_moose_ribs":2,"minecraft:rose_bush":3,"minecraft:iron_pickaxe":5,"minecraft:enchanted_golden_apple":2,"minecraft:furnace":5,"minecraft:iron_boots":2,"minecraft:dark_oak_door":1,"minecraft:stick":7,"securitycraft:reinforced_gravel":1,"minecraft:torch":70,"minecraft:spruce_stairs":12,"minecraft:sandstone_wall":1,"alexsmobs:lobster_bucket":1,"gobber2:gobber2_foo_end":1,"tombstone:grave_dust":20,"minecraft:diorite":47,"alexsmobs:centipede_leg":3,"minecraft:rotten_flesh":49,"minecraft:cod":2,"alexsmobs:blobfish_bucket":1,"minecraft:cobblestone":1528,"minecraft:birch_log":90,"minecraft:feather":6,"minecraft:lilac":1,"minecraft:repeater":6,"minecraft:water_bucket":2,"minecraft:andesite":24,"minecraft:dark_oak_boat":4,"minecraft:chiseled_quartz_block":2,"minecraft:potato":2,"alexsmobs:bear_fur":1,"minecraft:flint":5,"minecraft:wither_skeleton_skull":1,"gobber2:gobber2_ore":24,"minecraft:lapis_lazuli":33,"minecraft:dirt":170,"minecraft:lantern":7,"minecraft:polished_granite":5,"minecraft:glass":10,"minecraft:bone":100,"create:copper_ore":6,"minecraft:bow":2,"minecraft:wheat_seeds":29,"securitycraft:cobblestone_mine":1,"minecraft:birch_wood":3,"minecraft:rabbit":1,"minecraft:fletching_table":8,"minecraft:powered_rail":3,"minecraft:oak_planks":13,"securitycraft:mine":1,"securitycraft:dirt_mine":2,"minecraft:stripped_acacia_wood":1,"minecraft:structure_void":1,"minecraft:black_stained_glass_pane":6,"minecraft:jungle_planks":3,"minecraft:sand":53,"minecraft:stripped_spruce_log":15,"minecraft:granite_slab":6,"securitycraft:reinforced_stone":3,"minecraft:dark_oak_log":171,"minecraft:red_terracotta":15,"minecraft:barrel":3,"minecraft:polished_andesite":6,"minecraft:lever":1,"minecraft:diamond":45,"minecraft:spruce_boat":1,"minecraft:black_concrete":36,"waystones:waystone":4,"minecraft:granite":116,"minecraft:bone_meal":3,"minecraft:golden_apple":2,"minecraft:emerald":14,"minecraft:bread":112,"minecraft:oak_sapling":13,"minecraft:dark_oak_fence":1,"gobber2:gobber2_goo":1,"minecraft:andesite_slab":1,"minecraft:crafting_table":18,"minecraft:azure_bluet":5,"gobber2:gobber2_rod":1,"minecraft:gold_block":1,"minecraft:shield":2,"minecraft:cornflower":8,"minecraft:oak_trapdoor":4,"minecraft:iron_axe":1,"minecraft:flint_and_steel":2,"camera:image_frame":1,"securitycraft:reinforced_polished_basalt":1,"minecraft:beef":9,"create:zinc_ore":11,"minecraft:player_head":23,"minecraft:poppy":2,"minecraft:spruce_slab":1,"minecraft:minecart":7,"minecraft:sugar_cane":25,"minecraft:chest":6,"minecraft:birch_sapling":9,"minecraft:dark_oak_sapling":4,"minecraft:stripped_crimson_hyphae":3,"minecraft:redstone":137,"minecraft:dark_oak_planks":21,"minecraft:tnt":3,"minecraft:arrow":107,"minecraft:stone_shovel":1,"minecraft:jungle_stairs":5,"minecraft:hay_block":3,"tombstone:essence_of_undeath":1,"minecraft:saddle":2,"minecraft:gold_ingot":23,"minecraft:mutton":5,"minecraft:rail":8,"minecraft:white_wool":3,"minecraft:oxeye_daisy":3,"minecraft:birch_leaves":54,"travelersbackpack:melon":1,"minecraft:tripwire_hook":2,"minecraft:leather":10,"travelersbackpack:red_sleeping_bag":10,"minecraft:red_mushroom":2,"minecraft:birch_planks":64,"create:weathered_limestone_cobblestone":12,"minecraft:oak_log":120,"minecraft:lily_pad":6,"minecraft:yellow_bed":1,"minecraft:gunpowder":20,"tombstone:gift":1,"minecraft:apple":4,"travelersbackpack:cow":2,"minecraft:stone_bricks":1,"minecraft:rabbit_hide":2,"minecraft:spruce_wood":1,"minecraft:iron_ingot":149,"minecraft:cobweb":3,"minecraft:iron_ore":213,"securitycraft:universal_block_reinforcer_lvl1":1,"tombstone:bag_of_seeds":2,"minecraft:iron_sword":1,"minecraft:dark_oak_stairs":5,"minecraft:purple_concrete":2,"minecraft:book":17,"minecraft:oak_slab":5,"minecraft:pumpkin":1,"minecraft:sweet_berries":2,"minecraft:gravel":84,"alexsmobs:sombrero":2,"minecraft:spruce_sapling":12,"minecraft:spruce_log":153,"minecraft:gold_ore":35,"minecraft:spider_eye":6,"travelersbackpack:standard":2,"minecraft:slime_ball":3,"minecraft:purple_glazed_terracotta":3,"minecraft:stone_axe":1,"minecraft:iron_helmet":3,"minecraft:terracotta":21,"tombstone:magic_scroll":3,"minecraft:red_concrete":2,"minecraft:coal":310},"minecraft:broken":{"minecraft:iron_boots":1,"minecraft:iron_chestplate":1,"minecraft:golden_shovel":1,"minecraft:iron_leggings":1,"minecraft:stone_pickaxe":2,"minecraft:stone_axe":1,"minecraft:iron_sword":1,"minecraft:iron_pickaxe":1,"minecraft:iron_helmet":1},"minecraft:dropped":{"securitycraft:reinforced_polished_basalt":1,"minecraft:diamond":13,"travelersbackpack:standard":1,"minecraft:flint":1,"minecraft:dirt":18,"tombstone:bag_of_seeds":1,"minecraft:dark_oak_log":19,"minecraft:black_stained_glass_pane":6,"minecraft:cornflower":4,"minecraft:iron_pickaxe":1,"minecraft:dark_oak_planks":1,"minecraft:bone":14,"minecraft:gravel":6,"minecraft:stone_axe":1,"minecraft:birch_sapling":4,"minecraft:rotten_flesh":33,"minecraft:sandstone_wall":1,"minecraft:poppy":1,"minecraft:rabbit_hide":2,"minecraft:gunpowder":10,"minecraft:spruce_wood":2,"minecraft:spruce_slab":1,"minecraft:arrow":8,"minecraft:glass":2,"minecraft:polished_granite":1,"minecraft:water_bucket":1,"minecraft:enchanted_book":4,"minecraft:wheat_seeds":12,"minecraft:cobblestone":64,"minecraft:iron_helmet":1,"minecraft:granite":4,"minecraft:stick":2,"minecraft:cobweb":3,"minecraft:diorite":10,"minecraft:torch":21,"minecraft:repeater":6,"minecraft:rabbit":1,"tombstone:grave_dust":1,"minecraft:iron_leggings":4,"minecraft:string":9,"minecraft:redstone":15,"minecraft:red_concrete":2,"minecraft:player_head":1,"minecraft:chiseled_quartz_block":2,"minecraft:sticky_piston":3,"minecraft:iron_boots":1,"create:weathered_limestone_cobblestone":1,"minecraft:flint_and_steel":1,"minecraft:spruce_planks":3,"minecraft:iron_chestplate":1,"minecraft:andesite":5,"minecraft:oak_sapling":3,"minecraft:spider_eye":3,"minecraft:bow":1,"minecraft:wooden_pickaxe":2},"minecraft:used":{"minecraft:nether_brick_fence":14,"minecraft:blue_terracotta":11,"minecraft:ladder":13,"minecraft:polished_basalt":4,"minecraft:chest":22,"minecraft:shield":152,"minecraft:iron_sword":298,"minecraft:player_head":25,"minecraft:rotten_flesh":6,"securitycraft:reinforced_soul_lantern":1,"cataclysm:chiseled_obsidian_bricks":48,"minecraft:obsidian":18,"minecraft:stripped_spruce_log":3,"minecraft:spruce_boat":2,"minecraft:villager_spawn_egg":8,"minecraft:spruce_wood":16,"minecraft:grass_block":2,"minecraft:lantern":15,"minecraft:dark_oak_slab":20,"create:zinc_ore":3,"minecraft:stone_brick_stairs":1,"travelersbackpack:red_sleeping_bag":7,"minecraft:bow":87,"minecraft:dark_oak_boat":5,"minecraft:oak_sapling":1,"minecraft:furnace":8,"securitycraft:reinforced_black_stained_glass":5,"minecraft:gold_block":62,"securitycraft:reinforced_polished_basalt":89,"cataclysm:void_lantern_block":105,"minecraft:dark_oak_stairs":2,"minecraft:diorite":15,"travelersbackpack:cow":4,"minecraft:wither_skeleton_skull":2,"minecraft:birch_leaves":52,"minecraft:stone_pickaxe":366,"minecraft:powered_rail":105,"minecraft:oak_planks":46,"minecraft:ender_pearl":11,"alexsmobs:blobfish_bucket":3,"minecraft:wooden_pickaxe":10,"travelersbackpack:melon":1,"minecraft:golden_apple":1,"gobber2:gobber2_ore":1,"minecraft:sand":12,"securitycraft:reinforced_polished_andesite":30,"securitycraft:universal_block_remover":6,"minecraft:shears":67,"waystones:waystone":1,"minecraft:redstone_torch":29,"minecraft:black_concrete":298,"minecraft:string":1,"minecraft:dark_oak_log":21,"minecraft:bread":148,"minecraft:barrier":557,"gobber2:gobber2_axe":377,"minecraft:red_terracotta":15,"minecraft:polished_granite":3,"tombstone:grave_key":3,"minecraft:gravel":32,"minecraft:soul_lantern":15,"securitycraft:mine":13,"minecraft:granite_slab":5,"alexsmobs:cooked_moose_ribs":2,"securitycraft:reinforced_gold_block":10,"minecraft:dark_oak_fence":19,"minecraft:smithing_table":2,"securitycraft:reinforced_blue_terracotta":22,"minecraft:andesite":3,"minecraft:bone_meal":2,"securitycraft:reinforced_gray_stained_glass":1,"create:dark_scoria_bricks":2,"minecraft:oak_trapdoor":8,"camera:image_frame":2,"minecraft:stripped_acacia_wood":1,"minecraft:flint_and_steel":3,"minecraft:stone_shovel":7,"minecraft:spruce_planks":171,"securitycraft:reinforced_basalt":67,"minecraft:polished_blackstone_wall":26,"minecraft:torch":156,"securitycraft:reinforced_obsidian":123,"minecraft:dirt":308,"minecraft:spruce_stairs":10,"minecraft:golden_shovel":32,"minecraft:granite":16,"minecraft:polished_diorite":33,"minecraft:dark_oak_planks":2,"minecraft:sea_lantern":11,"cataclysm:obsidian_brick_slab":14,"minecraft:iron_axe":258,"minecraft:oak_stairs":24,"minecraft:slime_block":45,"minecraft:crimson_planks":9,"minecraft:barrel":1,"minecraft:tripwire_hook":3,"cataclysm:obsidian_brick_stairs":25,"minecraft:purple_concrete":20,"minecraft:golden_carrot":1,"gobber2:gobber2_sword":99,"alexsmobs:lobster_bucket":1,"securitycraft:dirt_mine":4,"create:dolomite_cobblestone":1,"minecraft:minecart":13,"tombstone:gift":28,"securitycraft:reinforced_purple_stained_glass":2,"minecraft:cooked_beef":14,"minecraft:pumpkin":1,"create:copper_ore":6,"minecraft:water_bucket":87,"minecraft:birch_planks":68,"minecraft:polished_andesite":40,"minecraft:baked_potato":7,"minecraft:andesite_slab":1,"minecraft:purple_glazed_terracotta":14,"minecraft:beacon":7,"minecraft:fletching_table":8,"securitycraft:cobblestone_mine":3,"minecraft:terracotta":15,"minecraft:rail":301,"minecraft:tnt":13,"minecraft:crafting_table":26,"minecraft:oak_slab":11,"create:weathered_limestone_cobblestone":11,"minecraft:cod":1,"minecraft:spruce_log":49,"minecraft:dark_oak_door":2,"minecraft:oak_log":48,"minecraft:flower_pot":1,"minecraft:diamond_pickaxe":1348,"minecraft:apple":1,"minecraft:oxeye_daisy":2,"minecraft:command_block":3,"minecraft:iron_pickaxe":549,"tombstone:magic_scroll":2,"minecraft:spruce_sapling":4,"securitycraft:reinforced_black_concrete":224,"securitycraft:bucket_f_water":9,"minecraft:stone_axe":242,"minecraft:chiseled_stone_bricks":4,"minecraft:cobblestone":386,"minecraft:potion":1,"travelersbackpack:standard":27,"create:chiseled_dark_scoria":1,"minecraft:bucket":79,"minecraft:yellow_bed":1,"minecraft:splash_potion":1,"cataclysm:obsidian_bricks":98}},"DataVersion":2586}