{"stats":{"minecraft:custom":{"minecraft:time_since_rest":8069,"minecraft:open_chest":1,"minecraft:crouch_one_cm":2,"minecraft:waystone_activated":1,"minecraft:play_one_minute":27550,"minecraft:walk_one_cm":42003,"minecraft:sprint_one_cm":4260,"minecraft:damage_taken":570,"minecraft:deaths":9,"minecraft:sneak_time":304,"minecraft:walk_under_water_one_cm":193,"minecraft:jump":85,"minecraft:time_since_death":8215,"minecraft:walk_on_water_one_cm":4180,"minecraft:fly_one_cm":88628,"minecraft:fall_one_cm":5936},"minecraft:picked_up":{"minecraft:player_head":2},"minecraft:used":{"minecraft:stone_brick_stairs":1,"minecraft:oak_trapdoor":3,"minecraft:nether_brick_fence":2,"minecraft:chiseled_stone_bricks":3,"minecraft:water_bucket":8,"minecraft:sea_lantern":11,"cataclysm:obsidian_brick_stairs":25,"cataclysm:obsidian_brick_slab":14,"minecraft:spruce_planks":1,"cataclysm:chiseled_obsidian_bricks":29,"cataclysm:obsidian_bricks":13,"minecraft:torch":6,"cataclysm:void_lantern_block":65}},"DataVersion":2586}