{"stats":{"minecraft:custom":{"minecraft:time_since_rest":3263,"minecraft:waystone_activated":1,"minecraft:sprint_one_cm":35839,"minecraft:damage_taken":2550,"minecraft:walk_one_cm":196529,"minecraft:drop":4,"minecraft:damage_dealt":9,"minecraft:interact_with_beacon":1,"minecraft:swim_one_cm":1064,"minecraft:fly_one_cm":267049,"minecraft:open_chest":4,"minecraft:play_one_minute":111550,"minecraft:crouch_one_cm":236,"minecraft:open_shulker_box":2,"minecraft:deaths":14,"minecraft:sneak_time":1371,"minecraft:walk_under_water_one_cm":7457,"minecraft:jump":596,"minecraft:walk_on_water_one_cm":9576,"minecraft:time_since_death":3736,"minecraft:fall_one_cm":26075},"minecraft:mined":{"minecraft:player_head":14},"minecraft:picked_up":{"minecraft:tripwire_hook":2,"minecraft:gold_block":1,"minecraft:black_stained_glass_pane":6,"minecraft:wither_skeleton_skull":1,"minecraft:lantern":1,"securitycraft:reinforced_polished_basalt":1,"minecraft:lever":1,"minecraft:player_head":22,"minecraft:red_concrete":2},"minecraft:dropped":{"minecraft:red_concrete":2,"minecraft:player_head":1,"securitycraft:reinforced_polished_basalt":1,"minecraft:black_stained_glass_pane":6},"minecraft:used":{"minecraft:oak_trapdoor":4,"minecraft:dark_oak_planks":1,"minecraft:nether_brick_fence":2,"minecraft:water_bucket":8,"minecraft:sea_lantern":11,"minecraft:villager_spawn_egg":7,"minecraft:flint_and_steel":1,"minecraft:wither_skeleton_skull":2,"minecraft:command_block":3,"cataclysm:obsidian_brick_slab":14,"minecraft:lantern":14,"minecraft:polished_andesite":1,"minecraft:string":1,"minecraft:polished_basalt":4,"minecraft:spruce_planks":1,"minecraft:dark_oak_slab":10,"securitycraft:reinforced_basalt":67,"securitycraft:reinforced_black_concrete":224,"minecraft:beacon":7,"minecraft:player_head":24,"minecraft:stone_brick_stairs":1,"minecraft:soul_lantern":15,"minecraft:torch":6,"minecraft:chiseled_stone_bricks":4,"minecraft:tripwire_hook":3,"securitycraft:reinforced_soul_lantern":1,"cataclysm:obsidian_brick_stairs":25,"minecraft:dirt":258,"securitycraft:reinforced_gold_block":10,"create:chiseled_dark_scoria":1,"tombstone:gift":1,"securitycraft:reinforced_black_stained_glass":5,"securitycraft:reinforced_purple_stained_glass":2,"minecraft:gold_block":62,"securitycraft:reinforced_polished_basalt":89,"cataclysm:chiseled_obsidian_bricks":48,"securitycraft:reinforced_gray_stained_glass":1,"create:dark_scoria_bricks":2,"cataclysm:obsidian_bricks":97,"minecraft:obsidian":15,"cataclysm:void_lantern_block":105}},"DataVersion":2586}