{"stats":{"minecraft:dropped":{"minecraft:red_concrete":2,"minecraft:player_head":1,"securitycraft:reinforced_polished_basalt":1,"minecraft:black_stained_glass_pane":6},"minecraft:picked_up":{"minecraft:tripwire_hook":2,"minecraft:gold_block":1,"minecraft:wither_skeleton_skull":1,"minecraft:lantern":1,"camera:image_frame":1,"securitycraft:reinforced_polished_basalt":1,"minecraft:player_head":22,"minecraft:minecart":1,"minecraft:powered_rail":3,"minecraft:structure_void":1,"minecraft:black_stained_glass_pane":6,"minecraft:lever":1,"minecraft:red_concrete":2,"minecraft:rail":8},"minecraft:custom":{"minecraft:play_one_minute":175879,"minecraft:open_shulker_box":2,"minecraft:leave_game":1,"minecraft:time_since_death":68065,"minecraft:climb_one_cm":1736,"minecraft:time_since_rest":67592,"minecraft:waystone_activated":1,"minecraft:sprint_one_cm":41506,"minecraft:damage_taken":2660,"minecraft:walk_one_cm":236979,"minecraft:drop":4,"minecraft:minecart_one_cm":64042,"minecraft:damage_dealt":9,"minecraft:interact_with_beacon":1,"minecraft:swim_one_cm":1064,"minecraft:fly_one_cm":391288,"minecraft:open_chest":4,"minecraft:crouch_one_cm":2894,"minecraft:deaths":14,"minecraft:sneak_time":3164,"minecraft:walk_under_water_one_cm":7457,"minecraft:jump":797,"minecraft:walk_on_water_one_cm":9755,"minecraft:fall_one_cm":27092},"minecraft:used":{"minecraft:oak_trapdoor":4,"camera:image_frame":2,"minecraft:dark_oak_stairs":2,"minecraft:nether_brick_fence":14,"minecraft:water_bucket":8,"minecraft:wither_skeleton_skull":2,"minecraft:flint_and_steel":1,"minecraft:polished_andesite":26,"minecraft:powered_rail":105,"minecraft:ladder":10,"minecraft:polished_basalt":4,"minecraft:spruce_planks":1,"securitycraft:reinforced_basalt":67,"minecraft:beacon":7,"minecraft:polished_blackstone_wall":26,"minecraft:player_head":24,"minecraft:torch":6,"securitycraft:reinforced_obsidian":123,"securitycraft:reinforced_soul_lantern":1,"minecraft:dirt":258,"minecraft:sand":6,"minecraft:rail":301,"cataclysm:chiseled_obsidian_bricks":48,"minecraft:polished_diorite":22,"minecraft:obsidian":15,"minecraft:redstone_torch":29,"minecraft:dark_oak_planks":1,"minecraft:sea_lantern":11,"minecraft:black_concrete":104,"minecraft:villager_spawn_egg":7,"minecraft:command_block":3,"cataclysm:obsidian_brick_slab":14,"minecraft:lantern":14,"minecraft:barrier":557,"minecraft:slime_block":45,"minecraft:string":1,"minecraft:dark_oak_slab":20,"securitycraft:reinforced_black_concrete":224,"securitycraft:bucket_f_water":9,"minecraft:stone_brick_stairs":1,"minecraft:soul_lantern":15,"minecraft:chiseled_stone_bricks":4,"minecraft:tripwire_hook":3,"cataclysm:obsidian_brick_stairs":25,"securitycraft:reinforced_gold_block":10,"create:chiseled_dark_scoria":1,"securitycraft:reinforced_purple_stained_glass":2,"minecraft:minecart":8,"tombstone:gift":1,"securitycraft:reinforced_black_stained_glass":5,"minecraft:gold_block":62,"securitycraft:reinforced_polished_basalt":89,"cataclysm:obsidian_bricks":97,"create:dark_scoria_bricks":2,"securitycraft:reinforced_gray_stained_glass":1,"cataclysm:void_lantern_block":105},"minecraft:mined":{"minecraft:player_head":14}},"DataVersion":2586}