{"stats":{"minecraft:killed_by":{"minecraft:creeper":2,"minecraft:pillager":2,"minecraft:skeleton":18,"minecraft:phantom":1},"minecraft:crafted":{"securitycraft:mine":9,"minecraft:oak_planks":68,"minecraft:dark_oak_boat":1,"minecraft:glass":18,"minecraft:dark_oak_door":3,"minecraft:iron_boots":2,"tombstone:grave_key":1,"minecraft:chest":1,"travelersbackpack:iron_tier_upgrade":1,"minecraft:crafting_table":5,"minecraft:spruce_planks":24,"minecraft:wooden_pickaxe":1,"travelersbackpack:standard":2,"minecraft:iron_helmet":2,"minecraft:smithing_table":2,"minecraft:birch_planks":12,"minecraft:iron_chestplate":2,"minecraft:shield":3,"minecraft:stick":60,"minecraft:iron_ingot":60,"minecraft:iron_pickaxe":2,"minecraft:stone_shovel":1,"minecraft:furnace":2,"travelersbackpack:gold_tier_upgrade":1,"travelersbackpack:blank_upgrade":4,"minecraft:iron_axe":1,"minecraft:ladder":3,"minecraft:stone_pickaxe":1,"minecraft:spruce_boat":1,"minecraft:dark_oak_planks":16,"minecraft:wheat":27,"minecraft:cooked_beef":18,"minecraft:crimson_planks":12,"travelersbackpack:backpack_tank":2,"minecraft:iron_sword":1,"minecraft:bucket":1,"securitycraft:cobblestone_mine":1,"minecraft:stone_axe":2,"minecraft:air":0,"minecraft:bread":9,"securitycraft:dirt_mine":1,"minecraft:iron_leggings":3,"minecraft:torch":72},"minecraft:killed":{"minecraft:witch":2,"minecraft:spider":6,"alexsmobs:snow_leopard":1,"minecraft:skeleton":44,"alexsmobs:centipede_head":2,"minecraft:magma_cube":2,"minecraft:creeper":1,"minecraft:sheep":3,"minecraft:pillager":16,"minecraft:zombie":17,"minecraft:cow":4,"minecraft:vindicator":8,"alexsmobs:tasmanian_devil":2,"alexsmobs:moose":2},"minecraft:picked_up":{"minecraft:iron_chestplate":1,"minecraft:flower_pot":1,"minecraft:smithing_table":1,"minecraft:oak_stairs":1,"minecraft:potion":1,"minecraft:enchanted_book":2,"minecraft:crimson_planks":5,"minecraft:string":9,"minecraft:sticky_piston":3,"minecraft:iron_leggings":1,"minecraft:spruce_planks":7,"alexsmobs:cooked_moose_ribs":2,"minecraft:rose_bush":3,"minecraft:iron_pickaxe":5,"minecraft:enchanted_golden_apple":1,"minecraft:furnace":2,"minecraft:iron_boots":1,"minecraft:dark_oak_door":1,"minecraft:stick":2,"minecraft:torch":35,"minecraft:spruce_stairs":11,"minecraft:sandstone_wall":1,"alexsmobs:lobster_bucket":1,"tombstone:grave_dust":7,"minecraft:diorite":11,"alexsmobs:centipede_leg":3,"minecraft:rotten_flesh":18,"minecraft:cod":2,"minecraft:cobblestone":155,"minecraft:feather":1,"minecraft:lilac":1,"minecraft:repeater":6,"minecraft:andesite":3,"minecraft:dark_oak_boat":4,"minecraft:chiseled_quartz_block":2,"minecraft:potato":2,"minecraft:wither_skeleton_skull":1,"minecraft:dirt":108,"minecraft:lantern":3,"minecraft:polished_granite":5,"minecraft:glass":10,"minecraft:bone":81,"create:copper_ore":1,"minecraft:wheat_seeds":20,"minecraft:birch_wood":3,"minecraft:rabbit":1,"minecraft:powered_rail":3,"minecraft:oak_planks":8,"securitycraft:mine":1,"securitycraft:dirt_mine":1,"minecraft:stripped_acacia_wood":1,"minecraft:jungle_planks":3,"minecraft:structure_void":1,"minecraft:black_stained_glass_pane":6,"minecraft:sand":28,"minecraft:stripped_spruce_log":4,"minecraft:granite_slab":6,"minecraft:dark_oak_log":4,"minecraft:red_terracotta":15,"minecraft:barrel":3,"minecraft:polished_andesite":6,"minecraft:lever":1,"minecraft:black_concrete":36,"minecraft:diamond":13,"minecraft:spruce_boat":1,"waystones:waystone":3,"minecraft:granite":7,"minecraft:bone_meal":3,"minecraft:golden_apple":1,"minecraft:bread":80,"minecraft:emerald":14,"minecraft:oak_sapling":1,"minecraft:dark_oak_fence":1,"minecraft:andesite_slab":1,"gobber2:gobber2_goo":1,"minecraft:crafting_table":10,"minecraft:azure_bluet":5,"minecraft:gold_block":1,"minecraft:shield":1,"minecraft:cornflower":8,"minecraft:iron_axe":1,"minecraft:flint_and_steel":2,"camera:image_frame":1,"securitycraft:reinforced_polished_basalt":1,"minecraft:beef":9,"create:zinc_ore":11,"minecraft:player_head":23,"minecraft:poppy":2,"minecraft:spruce_slab":1,"minecraft:minecart":5,"minecraft:sugar_cane":25,"minecraft:chest":6,"minecraft:stripped_crimson_hyphae":3,"minecraft:redstone":39,"minecraft:dark_oak_planks":1,"minecraft:tnt":3,"minecraft:arrow":87,"minecraft:stone_shovel":1,"minecraft:jungle_stairs":5,"minecraft:hay_block":3,"minecraft:saddle":2,"minecraft:gold_ingot":2,"minecraft:mutton":5,"minecraft:white_wool":3,"minecraft:rail":8,"minecraft:oxeye_daisy":3,"travelersbackpack:melon":1,"minecraft:tripwire_hook":2,"minecraft:leather":6,"travelersbackpack:red_sleeping_bag":9,"minecraft:red_mushroom":2,"minecraft:oak_log":21,"minecraft:lily_pad":6,"minecraft:gunpowder":6,"tombstone:gift":1,"minecraft:apple":1,"travelersbackpack:cow":2,"minecraft:stone_bricks":1,"minecraft:rabbit_hide":2,"minecraft:spruce_wood":1,"minecraft:iron_ingot":125,"minecraft:cobweb":3,"minecraft:iron_ore":102,"tombstone:bag_of_seeds":2,"minecraft:iron_sword":1,"minecraft:dark_oak_stairs":5,"minecraft:purple_concrete":2,"minecraft:book":5,"minecraft:oak_slab":5,"minecraft:pumpkin":1,"minecraft:gravel":1,"alexsmobs:sombrero":1,"minecraft:gold_ore":16,"minecraft:spider_eye":4,"travelersbackpack:standard":1,"minecraft:slime_ball":3,"minecraft:purple_glazed_terracotta":3,"minecraft:iron_helmet":3,"minecraft:terracotta":21,"tombstone:magic_scroll":2,"minecraft:red_concrete":2,"minecraft:coal":116},"minecraft:mined":{"securitycraft:mine":3,"minecraft:spruce_planks":3,"minecraft:granite":7,"travelersbackpack:red_sleeping_bag":7,"minecraft:stripped_crimson_hyphae":3,"minecraft:grass_block":9,"gobber2:gobber2_lucky_block":1,"minecraft:spawner":14,"minecraft:iron_ore":102,"minecraft:fire":36,"minecraft:barrel":1,"create:copper_ore":1,"minecraft:granite_slab":3,"minecraft:oak_stairs":1,"minecraft:spruce_wood":1,"minecraft:player_head":15,"minecraft:spruce_slab":1,"minecraft:tripwire":1,"travelersbackpack:melon":1,"minecraft:torch":18,"minecraft:poppy":1,"minecraft:chest":4,"minecraft:white_stained_glass_pane":6,"minecraft:cobblestone":8,"minecraft:birch_wood":3,"minecraft:sugar_cane":10,"minecraft:oak_planks":7,"minecraft:wall_torch":7,"minecraft:lilac":1,"minecraft:tnt":5,"minecraft:grass":27,"minecraft:oak_log":17,"minecraft:sand":29,"minecraft:dirt":25,"minecraft:smooth_quartz":1,"minecraft:crimson_planks":5,"minecraft:sandstone_wall":1,"minecraft:oak_leaves":2,"create:zinc_ore":12,"minecraft:dark_oak_leaves":2,"minecraft:dark_oak_log":4,"minecraft:dark_oak_fence":1,"minecraft:jungle_planks":3,"minecraft:redstone_ore":8,"minecraft:furnace":2,"minecraft:andesite":3,"minecraft:stripped_spruce_log":1,"minecraft:stone":145,"minecraft:smithing_table":1,"minecraft:oak_slab":1,"minecraft:polished_granite":2,"minecraft:crafting_table":11,"minecraft:rose_bush":1,"minecraft:andesite_slab":1,"minecraft:tall_grass":6,"minecraft:lily_pad":2,"minecraft:diorite":11,"minecraft:spruce_stairs":2,"minecraft:red_terracotta":15,"minecraft:birch_leaves":3,"minecraft:coal_ore":60,"travelersbackpack:cow":1,"minecraft:gravel":1,"minecraft:terracotta":16,"minecraft:polished_andesite":6,"minecraft:stripped_acacia_wood":1,"minecraft:stone_bricks":1,"minecraft:gold_ore":15},"minecraft:used":{"minecraft:nether_brick_fence":14,"minecraft:blue_terracotta":11,"minecraft:ladder":13,"minecraft:polished_basalt":4,"minecraft:chest":10,"minecraft:shield":104,"minecraft:iron_sword":298,"minecraft:player_head":25,"minecraft:rotten_flesh":4,"securitycraft:reinforced_soul_lantern":1,"cataclysm:chiseled_obsidian_bricks":48,"minecraft:stripped_spruce_log":1,"minecraft:obsidian":18,"minecraft:spruce_boat":2,"minecraft:villager_spawn_egg":7,"minecraft:spruce_wood":16,"minecraft:grass_block":2,"minecraft:lantern":15,"minecraft:dark_oak_slab":20,"create:zinc_ore":3,"minecraft:stone_brick_stairs":1,"travelersbackpack:red_sleeping_bag":7,"minecraft:bow":72,"minecraft:dark_oak_boat":5,"minecraft:oak_sapling":1,"minecraft:furnace":3,"securitycraft:reinforced_black_stained_glass":5,"minecraft:gold_block":62,"securitycraft:reinforced_polished_basalt":89,"cataclysm:void_lantern_block":105,"minecraft:dark_oak_stairs":2,"minecraft:diorite":11,"travelersbackpack:cow":4,"minecraft:wither_skeleton_skull":2,"minecraft:stone_pickaxe":63,"minecraft:powered_rail":105,"minecraft:oak_planks":27,"minecraft:ender_pearl":11,"minecraft:wooden_pickaxe":7,"travelersbackpack:melon":1,"minecraft:golden_apple":1,"minecraft:sand":6,"securitycraft:reinforced_polished_andesite":30,"minecraft:redstone_torch":29,"minecraft:black_concrete":298,"minecraft:string":1,"minecraft:bread":86,"minecraft:barrier":557,"minecraft:red_terracotta":15,"minecraft:polished_granite":3,"tombstone:grave_key":3,"minecraft:gravel":1,"minecraft:soul_lantern":15,"securitycraft:mine":8,"minecraft:granite_slab":5,"alexsmobs:cooked_moose_ribs":2,"securitycraft:reinforced_gold_block":10,"minecraft:dark_oak_fence":1,"minecraft:smithing_table":2,"securitycraft:reinforced_blue_terracotta":22,"minecraft:andesite":1,"securitycraft:reinforced_gray_stained_glass":1,"create:dark_scoria_bricks":2,"minecraft:oak_trapdoor":4,"camera:image_frame":2,"minecraft:stripped_acacia_wood":1,"minecraft:flint_and_steel":3,"minecraft:stone_shovel":7,"minecraft:spruce_planks":7,"securitycraft:reinforced_basalt":67,"minecraft:polished_blackstone_wall":26,"minecraft:torch":102,"securitycraft:reinforced_obsidian":123,"minecraft:dirt":279,"minecraft:spruce_stairs":3,"minecraft:granite":5,"minecraft:polished_diorite":33,"minecraft:dark_oak_planks":2,"minecraft:sea_lantern":11,"cataclysm:obsidian_brick_slab":14,"minecraft:iron_axe":58,"minecraft:oak_stairs":1,"minecraft:slime_block":45,"minecraft:crimson_planks":9,"minecraft:barrel":1,"minecraft:tripwire_hook":3,"cataclysm:obsidian_brick_stairs":25,"minecraft:purple_concrete":20,"minecraft:golden_carrot":1,"alexsmobs:lobster_bucket":1,"securitycraft:dirt_mine":2,"minecraft:minecart":12,"tombstone:gift":17,"securitycraft:reinforced_purple_stained_glass":2,"minecraft:cooked_beef":14,"minecraft:pumpkin":1,"create:copper_ore":1,"minecraft:water_bucket":62,"minecraft:polished_andesite":40,"minecraft:baked_potato":7,"minecraft:andesite_slab":1,"minecraft:purple_glazed_terracotta":14,"minecraft:beacon":7,"securitycraft:cobblestone_mine":1,"minecraft:terracotta":15,"minecraft:rail":301,"minecraft:tnt":13,"minecraft:oak_slab":1,"minecraft:crafting_table":14,"minecraft:cod":1,"minecraft:dark_oak_door":2,"minecraft:flower_pot":1,"minecraft:oxeye_daisy":2,"minecraft:command_block":3,"minecraft:iron_pickaxe":390,"tombstone:magic_scroll":2,"securitycraft:reinforced_black_concrete":224,"securitycraft:bucket_f_water":9,"minecraft:stone_axe":168,"minecraft:chiseled_stone_bricks":4,"minecraft:cobblestone":47,"minecraft:potion":1,"travelersbackpack:standard":26,"create:chiseled_dark_scoria":1,"minecraft:bucket":51,"minecraft:splash_potion":1,"cataclysm:obsidian_bricks":98},"minecraft:custom":{"minecraft:interact_with_crafting_table":57,"minecraft:open_barrel":64,"minecraft:open_shulker_box":2,"minecraft:leave_game":5,"minecraft:time_since_death":9364,"minecraft:sprint_one_cm":588103,"minecraft:damage_blocked_by_shield":3415,"minecraft:drop":61,"minecraft:deaths":49,"minecraft:jump":5561,"minecraft:walk_on_water_one_cm":66656,"minecraft:interact_with_furnace":33,"minecraft:play_one_minute":488606,"minecraft:sleep_in_bed":9,"minecraft:waystone_activated":3,"minecraft:damage_dealt":25054,"minecraft:interact_with_beacon":1,"minecraft:crouch_one_cm":9019,"tombstone:undead_killed":61,"minecraft:inspect_dispenser":1,"minecraft:interact_with_smithing_table":2,"minecraft:mob_kills":129,"minecraft:climb_one_cm":51020,"minecraft:walk_one_cm":922961,"minecraft:sneak_time":8052,"minecraft:walk_under_water_one_cm":46317,"minecraft:boat_one_cm":449683,"tombstone:raider_killed":26,"minecraft:time_since_rest":6965,"minecraft:damage_taken":22994,"minecraft:damage_absorbed":248,"minecraft:minecart_one_cm":117556,"minecraft:swim_one_cm":54148,"minecraft:fly_one_cm":1363085,"minecraft:open_chest":96,"minecraft:fall_one_cm":218554},"minecraft:dropped":{"securitycraft:reinforced_polished_basalt":1,"minecraft:diamond":13,"travelersbackpack:standard":1,"minecraft:dirt":1,"tombstone:bag_of_seeds":1,"minecraft:black_stained_glass_pane":6,"minecraft:cornflower":4,"minecraft:iron_pickaxe":1,"minecraft:dark_oak_planks":1,"minecraft:bone":10,"minecraft:stone_axe":1,"minecraft:rotten_flesh":23,"minecraft:sandstone_wall":1,"minecraft:poppy":1,"minecraft:rabbit_hide":2,"minecraft:gunpowder":8,"minecraft:spruce_wood":2,"minecraft:spruce_slab":1,"minecraft:glass":2,"minecraft:arrow":8,"minecraft:polished_granite":1,"minecraft:wheat_seeds":6,"minecraft:iron_helmet":1,"minecraft:cobweb":3,"minecraft:torch":5,"minecraft:repeater":6,"minecraft:rabbit":1,"minecraft:iron_leggings":3,"minecraft:string":8,"minecraft:redstone":15,"minecraft:red_concrete":2,"minecraft:player_head":1,"minecraft:chiseled_quartz_block":2,"minecraft:sticky_piston":3,"minecraft:iron_boots":1,"minecraft:flint_and_steel":1,"minecraft:spruce_planks":3,"minecraft:iron_chestplate":1,"minecraft:spider_eye":2,"minecraft:wooden_pickaxe":1},"minecraft:broken":{"minecraft:iron_boots":1,"minecraft:iron_chestplate":1,"minecraft:iron_leggings":1,"minecraft:stone_axe":1,"minecraft:iron_sword":1,"minecraft:iron_pickaxe":1,"minecraft:iron_helmet":1}},"DataVersion":2586}