{"stats":{"minecraft:custom":{"minecraft:time_since_rest":56069,"minecraft:waystone_activated":1,"minecraft:sprint_one_cm":7399,"minecraft:damage_taken":570,"minecraft:walk_one_cm":123712,"minecraft:drop":1,"minecraft:interact_with_beacon":1,"minecraft:swim_one_cm":1064,"minecraft:fly_one_cm":102538,"minecraft:open_chest":3,"minecraft:play_one_minute":75550,"minecraft:crouch_one_cm":224,"minecraft:deaths":9,"minecraft:sneak_time":707,"minecraft:walk_under_water_one_cm":7457,"minecraft:jump":159,"minecraft:walk_on_water_one_cm":9272,"minecraft:time_since_death":56215,"minecraft:fall_one_cm":5936},"minecraft:mined":{"minecraft:player_head":4},"minecraft:picked_up":{"minecraft:tripwire_hook":2,"minecraft:gold_block":1,"minecraft:lever":1,"minecraft:player_head":12},"minecraft:dropped":{"minecraft:player_head":1},"minecraft:used":{"minecraft:oak_trapdoor":4,"minecraft:dark_oak_planks":1,"minecraft:nether_brick_fence":2,"minecraft:water_bucket":8,"minecraft:sea_lantern":11,"minecraft:wither_skeleton_skull":2,"minecraft:command_block":3,"cataclysm:obsidian_brick_slab":14,"minecraft:polished_andesite":1,"minecraft:string":1,"minecraft:polished_basalt":4,"minecraft:spruce_planks":1,"minecraft:dark_oak_slab":10,"securitycraft:reinforced_basalt":67,"securitycraft:reinforced_black_concrete":224,"minecraft:beacon":7,"minecraft:player_head":11,"minecraft:stone_brick_stairs":1,"minecraft:torch":6,"minecraft:chiseled_stone_bricks":4,"minecraft:tripwire_hook":3,"cataclysm:obsidian_brick_stairs":25,"securitycraft:reinforced_gold_block":10,"create:chiseled_dark_scoria":1,"securitycraft:reinforced_black_stained_glass":5,"securitycraft:reinforced_purple_stained_glass":2,"minecraft:gold_block":62,"securitycraft:reinforced_polished_basalt":60,"cataclysm:chiseled_obsidian_bricks":48,"securitycraft:reinforced_gray_stained_glass":1,"create:dark_scoria_bricks":2,"cataclysm:obsidian_bricks":97,"cataclysm:void_lantern_block":105}},"DataVersion":2586}