{"stats":{"minecraft:killed_by":{"minecraft:creeper":2,"minecraft:pillager":2,"minecraft:skeleton":18,"minecraft:phantom":1},"minecraft:crafted":{"securitycraft:mine":9,"minecraft:oak_planks":96,"minecraft:dark_oak_boat":1,"gobber2:gobber2_leggings":1,"minecraft:glass":36,"minecraft:dark_oak_door":3,"minecraft:iron_boots":3,"tombstone:grave_key":1,"minecraft:chest":2,"travelersbackpack:iron_tier_upgrade":1,"minecraft:emerald":2,"gobber2:gobber2_ingot":21,"minecraft:crafting_table":7,"minecraft:spruce_planks":24,"gobber2:gobber2_axe":1,"minecraft:wooden_pickaxe":2,"travelersbackpack:standard":2,"minecraft:iron_helmet":4,"minecraft:smithing_table":2,"gobber2:gobber2_rod":4,"minecraft:fletching_table":1,"minecraft:birch_planks":88,"minecraft:diamond_pickaxe":1,"minecraft:iron_chestplate":3,"minecraft:shield":3,"minecraft:stick":180,"minecraft:iron_ingot":170,"minecraft:iron_pickaxe":3,"minecraft:gold_ingot":8,"minecraft:stone_shovel":1,"minecraft:furnace":3,"travelersbackpack:gold_tier_upgrade":1,"travelersbackpack:blank_upgrade":4,"gobber2:gobber2_helmet":1,"gobber2:gobber2_glob":23,"minecraft:dark_oak_fence":18,"minecraft:iron_axe":1,"minecraft:ladder":3,"minecraft:stone_pickaxe":4,"minecraft:diamond_boots":1,"minecraft:spruce_boat":1,"minecraft:dark_oak_planks":40,"minecraft:wheat":27,"minecraft:cooked_beef":18,"gobber2:gobber2_sword":1,"minecraft:crimson_planks":12,"travelersbackpack:backpack_tank":4,"minecraft:iron_sword":1,"minecraft:golden_shovel":1,"minecraft:bucket":1,"minecraft:stone_axe":3,"securitycraft:cobblestone_mine":1,"minecraft:bread":9,"minecraft:air":0,"securitycraft:dirt_mine":1,"minecraft:oak_stairs":4,"minecraft:iron_leggings":5,"minecraft:torch":120,"minecraft:diamond_chestplate":1},"minecraft:killed":{"minecraft:witch":2,"minecraft:spider":8,"alexsmobs:snow_leopard":1,"minecraft:skeleton":55,"alexsmobs:centipede_head":2,"minecraft:magma_cube":2,"minecraft:creeper":4,"minecraft:sheep":3,"minecraft:pillager":16,"minecraft:donkey":2,"minecraft:zombie":35,"minecraft:cow":4,"minecraft:vindicator":8,"alexsmobs:tasmanian_devil":2,"alexsmobs:moose":2,"minecraft:enderman":1},"minecraft:picked_up":{"minecraft:iron_chestplate":1,"create:dolomite_cobblestone":1,"minecraft:flower_pot":1,"minecraft:smithing_table":1,"minecraft:oak_stairs":1,"minecraft:potion":1,"minecraft:enchanted_book":6,"minecraft:crimson_planks":5,"minecraft:string":12,"minecraft:sticky_piston":3,"minecraft:iron_leggings":2,"minecraft:spruce_planks":7,"alexsmobs:cooked_moose_ribs":2,"minecraft:rose_bush":3,"minecraft:iron_pickaxe":5,"minecraft:enchanted_golden_apple":2,"minecraft:furnace":5,"minecraft:iron_boots":2,"minecraft:dark_oak_door":1,"minecraft:stick":2,"minecraft:torch":48,"minecraft:spruce_stairs":11,"minecraft:sandstone_wall":1,"alexsmobs:lobster_bucket":1,"tombstone:grave_dust":14,"minecraft:diorite":22,"alexsmobs:centipede_leg":3,"minecraft:rotten_flesh":46,"minecraft:cod":2,"alexsmobs:blobfish_bucket":1,"minecraft:cobblestone":414,"minecraft:birch_log":24,"minecraft:feather":1,"minecraft:lilac":1,"minecraft:repeater":6,"minecraft:water_bucket":2,"minecraft:andesite":12,"minecraft:dark_oak_boat":4,"minecraft:chiseled_quartz_block":2,"minecraft:potato":2,"minecraft:flint":3,"gobber2:gobber2_ore":24,"minecraft:wither_skeleton_skull":1,"minecraft:lapis_lazuli":33,"minecraft:dirt":156,"minecraft:lantern":3,"minecraft:polished_granite":5,"minecraft:glass":10,"minecraft:bone":91,"create:copper_ore":6,"minecraft:bow":1,"minecraft:wheat_seeds":27,"minecraft:birch_wood":3,"minecraft:fletching_table":8,"minecraft:rabbit":1,"minecraft:powered_rail":3,"minecraft:oak_planks":9,"securitycraft:mine":1,"securitycraft:dirt_mine":1,"minecraft:stripped_acacia_wood":1,"minecraft:jungle_planks":3,"minecraft:structure_void":1,"minecraft:black_stained_glass_pane":6,"minecraft:sand":53,"minecraft:stripped_spruce_log":4,"minecraft:granite_slab":6,"minecraft:dark_oak_log":133,"minecraft:red_terracotta":15,"minecraft:barrel":3,"minecraft:polished_andesite":6,"minecraft:lever":1,"minecraft:black_concrete":36,"minecraft:diamond":35,"minecraft:spruce_boat":1,"waystones:waystone":4,"minecraft:granite":20,"minecraft:bone_meal":3,"minecraft:golden_apple":2,"minecraft:emerald":14,"minecraft:bread":112,"minecraft:oak_sapling":2,"minecraft:dark_oak_fence":1,"minecraft:andesite_slab":1,"gobber2:gobber2_goo":1,"minecraft:crafting_table":16,"minecraft:azure_bluet":5,"gobber2:gobber2_rod":1,"minecraft:gold_block":1,"minecraft:shield":2,"minecraft:cornflower":8,"minecraft:iron_axe":1,"minecraft:flint_and_steel":2,"camera:image_frame":1,"securitycraft:reinforced_polished_basalt":1,"minecraft:beef":9,"create:zinc_ore":11,"minecraft:player_head":23,"minecraft:poppy":2,"minecraft:spruce_slab":1,"minecraft:minecart":7,"minecraft:sugar_cane":25,"minecraft:chest":6,"minecraft:birch_sapling":4,"minecraft:dark_oak_sapling":4,"minecraft:stripped_crimson_hyphae":3,"minecraft:redstone":137,"minecraft:dark_oak_planks":1,"minecraft:tnt":3,"minecraft:arrow":102,"minecraft:stone_shovel":1,"minecraft:jungle_stairs":5,"minecraft:hay_block":3,"tombstone:essence_of_undeath":1,"minecraft:saddle":2,"minecraft:gold_ingot":13,"minecraft:mutton":5,"minecraft:white_wool":3,"minecraft:rail":8,"minecraft:oxeye_daisy":3,"travelersbackpack:melon":1,"minecraft:tripwire_hook":2,"minecraft:leather":9,"travelersbackpack:red_sleeping_bag":10,"minecraft:red_mushroom":2,"create:weathered_limestone_cobblestone":12,"minecraft:oak_log":28,"minecraft:lily_pad":6,"minecraft:yellow_bed":1,"minecraft:gunpowder":13,"tombstone:gift":1,"minecraft:apple":2,"travelersbackpack:cow":2,"minecraft:stone_bricks":1,"minecraft:rabbit_hide":2,"minecraft:spruce_wood":1,"minecraft:iron_ingot":139,"minecraft:cobweb":3,"minecraft:iron_ore":213,"tombstone:bag_of_seeds":2,"minecraft:iron_sword":1,"minecraft:dark_oak_stairs":5,"minecraft:purple_concrete":2,"minecraft:book":17,"minecraft:oak_slab":5,"minecraft:pumpkin":1,"minecraft:gravel":40,"alexsmobs:sombrero":2,"minecraft:gold_ore":35,"minecraft:spider_eye":5,"travelersbackpack:standard":2,"minecraft:slime_ball":3,"minecraft:purple_glazed_terracotta":3,"minecraft:stone_axe":1,"minecraft:iron_helmet":3,"minecraft:terracotta":21,"tombstone:magic_scroll":3,"minecraft:red_concrete":2,"minecraft:coal":263},"minecraft:mined":{"securitycraft:mine":3,"minecraft:spruce_planks":3,"create:dolomite":4,"minecraft:obsidian":1,"minecraft:granite":27,"travelersbackpack:red_sleeping_bag":7,"minecraft:stripped_crimson_hyphae":3,"minecraft:grass_block":37,"gobber2:gobber2_lucky_block":1,"minecraft:spawner":14,"gobber2:gobber2_ore":25,"minecraft:iron_ore":213,"minecraft:fire":36,"minecraft:barrel":1,"create:copper_ore":6,"minecraft:fletching_table":8,"minecraft:granite_slab":3,"minecraft:oak_stairs":1,"minecraft:spruce_wood":1,"minecraft:player_head":15,"minecraft:spruce_slab":1,"minecraft:tripwire":1,"travelersbackpack:melon":1,"minecraft:torch":23,"minecraft:poppy":1,"minecraft:chest":4,"minecraft:white_stained_glass_pane":6,"minecraft:cobblestone":11,"minecraft:birch_wood":3,"minecraft:sugar_cane":10,"minecraft:oak_planks":8,"minecraft:wall_torch":8,"minecraft:birch_log":24,"minecraft:lilac":1,"minecraft:tnt":5,"create:weathered_limestone":12,"minecraft:grass":38,"minecraft:oak_log":24,"minecraft:sand":48,"minecraft:dirt":39,"minecraft:smooth_quartz":1,"minecraft:crimson_planks":5,"minecraft:sandstone_wall":1,"minecraft:oak_leaves":6,"create:zinc_ore":12,"minecraft:diamond_ore":20,"minecraft:dark_oak_leaves":3,"minecraft:dark_oak_log":57,"minecraft:dark_oak_fence":1,"minecraft:jungle_planks":3,"minecraft:redstone_ore":30,"minecraft:furnace":5,"minecraft:andesite":12,"minecraft:stripped_spruce_log":1,"minecraft:bookshelf":4,"minecraft:stone":394,"minecraft:smithing_table":1,"minecraft:oak_slab":1,"minecraft:polished_granite":2,"minecraft:crafting_table":17,"minecraft:rose_bush":1,"minecraft:andesite_slab":1,"minecraft:tall_grass":7,"minecraft:lapis_ore":5,"minecraft:lily_pad":2,"minecraft:diorite":21,"minecraft:spruce_stairs":2,"minecraft:red_terracotta":15,"minecraft:birch_leaves":4,"minecraft:yellow_bed":1,"minecraft:coal_ore":120,"travelersbackpack:cow":1,"minecraft:gravel":39,"minecraft:terracotta":16,"minecraft:polished_andesite":6,"minecraft:stripped_acacia_wood":1,"minecraft:stone_bricks":1,"minecraft:gold_ore":34},"minecraft:used":{"minecraft:nether_brick_fence":14,"minecraft:blue_terracotta":11,"minecraft:ladder":13,"minecraft:polished_basalt":4,"minecraft:chest":11,"minecraft:shield":141,"minecraft:iron_sword":298,"minecraft:player_head":25,"minecraft:rotten_flesh":6,"securitycraft:reinforced_soul_lantern":1,"cataclysm:chiseled_obsidian_bricks":48,"minecraft:stripped_spruce_log":1,"minecraft:obsidian":18,"minecraft:spruce_boat":2,"minecraft:villager_spawn_egg":8,"minecraft:spruce_wood":16,"minecraft:grass_block":2,"minecraft:lantern":15,"minecraft:dark_oak_slab":20,"create:zinc_ore":3,"minecraft:stone_brick_stairs":1,"travelersbackpack:red_sleeping_bag":7,"minecraft:bow":72,"minecraft:dark_oak_boat":5,"minecraft:oak_sapling":1,"minecraft:furnace":7,"securitycraft:reinforced_black_stained_glass":5,"minecraft:gold_block":62,"securitycraft:reinforced_polished_basalt":89,"cataclysm:void_lantern_block":105,"minecraft:dark_oak_stairs":2,"minecraft:diorite":13,"travelersbackpack:cow":4,"minecraft:wither_skeleton_skull":2,"minecraft:stone_pickaxe":366,"minecraft:powered_rail":105,"minecraft:oak_planks":42,"minecraft:ender_pearl":11,"alexsmobs:blobfish_bucket":3,"minecraft:wooden_pickaxe":10,"travelersbackpack:melon":1,"minecraft:golden_apple":1,"gobber2:gobber2_ore":1,"minecraft:sand":12,"securitycraft:reinforced_polished_andesite":30,"minecraft:redstone_torch":29,"minecraft:black_concrete":298,"minecraft:dark_oak_log":20,"minecraft:string":1,"minecraft:bread":114,"minecraft:barrier":557,"gobber2:gobber2_axe":94,"minecraft:red_terracotta":15,"minecraft:polished_granite":3,"tombstone:grave_key":3,"minecraft:gravel":32,"minecraft:soul_lantern":15,"securitycraft:mine":8,"minecraft:granite_slab":5,"alexsmobs:cooked_moose_ribs":2,"securitycraft:reinforced_gold_block":10,"minecraft:dark_oak_fence":19,"minecraft:smithing_table":2,"securitycraft:reinforced_blue_terracotta":22,"minecraft:andesite":3,"securitycraft:reinforced_gray_stained_glass":1,"create:dark_scoria_bricks":2,"minecraft:oak_trapdoor":4,"camera:image_frame":2,"minecraft:stripped_acacia_wood":1,"minecraft:flint_and_steel":3,"minecraft:stone_shovel":7,"minecraft:spruce_planks":7,"securitycraft:reinforced_basalt":67,"minecraft:polished_blackstone_wall":26,"minecraft:torch":142,"securitycraft:reinforced_obsidian":123,"minecraft:dirt":299,"minecraft:spruce_stairs":3,"minecraft:golden_shovel":32,"minecraft:granite":14,"minecraft:polished_diorite":33,"minecraft:dark_oak_planks":2,"minecraft:sea_lantern":11,"cataclysm:obsidian_brick_slab":14,"minecraft:iron_axe":58,"minecraft:oak_stairs":3,"minecraft:slime_block":45,"minecraft:crimson_planks":9,"minecraft:barrel":1,"minecraft:tripwire_hook":3,"cataclysm:obsidian_brick_stairs":25,"minecraft:purple_concrete":20,"minecraft:golden_carrot":1,"gobber2:gobber2_sword":39,"alexsmobs:lobster_bucket":1,"securitycraft:dirt_mine":2,"create:dolomite_cobblestone":1,"minecraft:minecart":13,"tombstone:gift":25,"securitycraft:reinforced_purple_stained_glass":2,"minecraft:cooked_beef":14,"minecraft:pumpkin":1,"create:copper_ore":6,"minecraft:water_bucket":77,"minecraft:polished_andesite":40,"minecraft:baked_potato":7,"minecraft:andesite_slab":1,"minecraft:purple_glazed_terracotta":14,"minecraft:fletching_table":8,"minecraft:beacon":7,"securitycraft:cobblestone_mine":1,"minecraft:terracotta":15,"minecraft:rail":301,"minecraft:tnt":13,"minecraft:oak_slab":1,"minecraft:crafting_table":22,"create:weathered_limestone_cobblestone":11,"minecraft:cod":1,"minecraft:dark_oak_door":2,"minecraft:flower_pot":1,"minecraft:diamond_pickaxe":135,"minecraft:oxeye_daisy":2,"minecraft:command_block":3,"minecraft:iron_pickaxe":549,"tombstone:magic_scroll":2,"securitycraft:reinforced_black_concrete":224,"securitycraft:bucket_f_water":9,"minecraft:stone_axe":242,"minecraft:chiseled_stone_bricks":4,"minecraft:cobblestone":100,"minecraft:potion":1,"travelersbackpack:standard":27,"create:chiseled_dark_scoria":1,"minecraft:bucket":69,"minecraft:yellow_bed":1,"minecraft:splash_potion":1,"cataclysm:obsidian_bricks":98},"minecraft:custom":{"minecraft:interact_with_crafting_table":120,"minecraft:open_barrel":64,"minecraft:open_shulker_box":2,"minecraft:leave_game":6,"minecraft:time_since_death":101910,"minecraft:sprint_one_cm":789448,"minecraft:damage_blocked_by_shield":4985,"minecraft:drop":94,"minecraft:talked_to_villager":4,"minecraft:deaths":55,"minecraft:jump":7208,"minecraft:walk_on_water_one_cm":103863,"minecraft:interact_with_furnace":68,"minecraft:traded_with_villager":2,"minecraft:play_one_minute":599605,"minecraft:sleep_in_bed":9,"minecraft:waystone_activated":3,"minecraft:damage_dealt":32933,"minecraft:interact_with_beacon":1,"minecraft:crouch_one_cm":9592,"tombstone:undead_killed":90,"minecraft:inspect_dispenser":1,"minecraft:interact_with_smithing_table":2,"minecraft:mob_kills":168,"minecraft:climb_one_cm":51812,"minecraft:walk_one_cm":1189344,"minecraft:sneak_time":8467,"minecraft:walk_under_water_one_cm":55514,"minecraft:boat_one_cm":449683,"tombstone:raider_killed":26,"minecraft:time_since_rest":101653,"minecraft:damage_taken":29987,"minecraft:damage_absorbed":248,"minecraft:minecart_one_cm":138067,"minecraft:swim_one_cm":56624,"minecraft:fly_one_cm":1621231,"minecraft:open_chest":98,"minecraft:fall_one_cm":300277},"minecraft:dropped":{"securitycraft:reinforced_polished_basalt":1,"minecraft:diamond":13,"travelersbackpack:standard":1,"minecraft:flint":1,"minecraft:dirt":12,"tombstone:bag_of_seeds":1,"minecraft:black_stained_glass_pane":6,"minecraft:cornflower":4,"minecraft:iron_pickaxe":1,"minecraft:dark_oak_planks":1,"minecraft:bone":14,"minecraft:gravel":6,"minecraft:stone_axe":1,"minecraft:birch_sapling":4,"minecraft:rotten_flesh":33,"minecraft:sandstone_wall":1,"minecraft:poppy":1,"minecraft:rabbit_hide":2,"minecraft:gunpowder":10,"minecraft:spruce_wood":2,"minecraft:spruce_slab":1,"minecraft:glass":2,"minecraft:arrow":8,"minecraft:polished_granite":1,"minecraft:water_bucket":1,"minecraft:enchanted_book":4,"minecraft:wheat_seeds":9,"minecraft:iron_helmet":1,"minecraft:granite":4,"minecraft:stick":2,"minecraft:cobweb":3,"minecraft:diorite":9,"minecraft:torch":5,"minecraft:repeater":6,"minecraft:rabbit":1,"tombstone:grave_dust":1,"minecraft:iron_leggings":4,"minecraft:string":9,"minecraft:redstone":15,"minecraft:red_concrete":2,"minecraft:player_head":1,"minecraft:chiseled_quartz_block":2,"minecraft:sticky_piston":3,"minecraft:iron_boots":1,"create:weathered_limestone_cobblestone":1,"minecraft:flint_and_steel":1,"minecraft:spruce_planks":3,"minecraft:iron_chestplate":1,"minecraft:andesite":5,"minecraft:oak_sapling":1,"minecraft:spider_eye":3,"minecraft:wooden_pickaxe":2},"minecraft:broken":{"minecraft:iron_boots":1,"minecraft:iron_chestplate":1,"minecraft:golden_shovel":1,"minecraft:iron_leggings":1,"minecraft:stone_pickaxe":2,"minecraft:stone_axe":1,"minecraft:iron_sword":1,"minecraft:iron_pickaxe":1,"minecraft:iron_helmet":1}},"DataVersion":2586}