{"stats":{"minecraft:killed_by":{"minecraft:creeper":2,"minecraft:witch":1,"minecraft:skeleton":10,"minecraft:phantom":1},"minecraft:crafted":{"minecraft:oak_planks":144,"minecraft:dark_oak_boat":2,"minecraft:hopper":1,"minecraft:iron_boots":3,"minecraft:chest":1,"minecraft:crafting_table":3,"minecraft:spruce_planks":88,"minecraft:wooden_pickaxe":2,"minecraft:iron_helmet":2,"minecraft:iron_chestplate":3,"minecraft:shield":4,"minecraft:stick":72,"minecraft:iron_ingot":155,"minecraft:iron_pickaxe":6,"minecraft:furnace":4,"minecraft:iron_axe":3,"minecraft:stone_pickaxe":2,"minecraft:dark_oak_planks":132,"minecraft:wheat":180,"minecraft:crimson_planks":136,"minecraft:iron_sword":4,"minecraft:bucket":2,"securitycraft:cobblestone_mine":1,"minecraft:stone_axe":2,"minecraft:bread":60,"minecraft:air":0,"securitycraft:dirt_mine":1,"minecraft:oak_boat":1,"minecraft:wooden_axe":2,"minecraft:iron_leggings":3,"minecraft:acacia_planks":124,"minecraft:torch":64},"minecraft:killed":{"minecraft:witch":3,"minecraft:spider":11,"minecraft:skeleton":111,"minecraft:silverfish":12,"alexsmobs:centipede_head":1,"minecraft:magma_cube":5,"minecraft:pig":2,"alexsmobs:grizzly_bear":1,"minecraft:zombie_villager":1,"minecraft:creeper":2,"minecraft:sheep":3,"minecraft:zombie":48,"alexsmobs:tarantula_hawk":1,"alexsmobs:raccoon":1,"alexsmobs:rattlesnake":1,"minecraft:phantom":6,"alexsmobs:guster":1,"alexsmobs:emu":2,"alexsmobs:cockroach":5,"alexsmobs:crow":2},"minecraft:picked_up":{"minecraft:wooden_axe":2,"minecraft:iron_chestplate":6,"cataclysm:chiseled_obsidian_bricks":1,"minecraft:enchanted_book":5,"minecraft:stone_brick_stairs":3,"minecraft:crimson_planks":7,"minecraft:brewing_stand":1,"minecraft:string":11,"minecraft:iron_leggings":1,"minecraft:experience_bottle":28,"alexsmobs:emu_feather":3,"minecraft:spruce_planks":35,"minecraft:rose_bush":2,"minecraft:iron_pickaxe":1,"alexsmobs:raccoon_tail":1,"minecraft:enchanted_golden_apple":2,"minecraft:iron_boots":1,"minecraft:furnace":9,"minecraft:stick":2,"minecraft:torch":34,"minecraft:green_bed":2,"minecraft:spruce_stairs":8,"tombstone:grave_dust":23,"minecraft:diorite":21,"alexsmobs:centipede_leg":1,"gobber2:gobber2_foo":1,"minecraft:orange_bed":1,"minecraft:rotten_flesh":48,"create:scoria":62,"alexsmobs:blobfish_bucket":2,"minecraft:cobblestone":343,"minecraft:feather":7,"minecraft:water_bucket":1,"minecraft:andesite":32,"minecraft:dark_oak_boat":2,"minecraft:chiseled_quartz_block":2,"alexsmobs:bear_fur":2,"minecraft:flint":2,"minecraft:gray_concrete":12,"minecraft:lapis_lazuli":29,"minecraft:dirt":184,"minecraft:lantern":2,"minecraft:bone":113,"minecraft:acacia_planks":1,"create:copper_ore":29,"minecraft:bow":4,"minecraft:wheat_seeds":21,"securitycraft:cobblestone_mine":1,"minecraft:glowstone_dust":1,"minecraft:oak_planks":23,"securitycraft:mine":4,"minecraft:cooked_porkchop":4,"minecraft:stripped_acacia_wood":31,"minecraft:sand":1,"minecraft:stripped_spruce_log":18,"minecraft:spectral_arrow":1,"minecraft:dark_oak_log":16,"minecraft:red_terracotta":4,"minecraft:dark_prismarine":5,"minecraft:polished_andesite":125,"minecraft:diamond":10,"waystones:waystone":2,"minecraft:granite":12,"alexsmobs:tarantula_hawk_wing_fragment":1,"minecraft:golden_apple":2,"minecraft:bread":64,"alexsmobs:maggot":2,"minecraft:oak_sapling":3,"minecraft:dark_oak_fence":1,"minecraft:bricks":1,"minecraft:andesite_slab":15,"minecraft:crafting_table":11,"minecraft:coarse_dirt":2,"minecraft:azure_bluet":1,"minecraft:ladder":5,"minecraft:wooden_pickaxe":4,"minecraft:gold_block":1,"minecraft:diamond_horse_armor":1,"travelersbackpack:sandstone":2,"minecraft:shield":4,"minecraft:red_bed":5,"create:scoria_cobblestone":13,"minecraft:iron_shovel":2,"minecraft:oak_boat":3,"create:zinc_ore":29,"minecraft:observer":1,"minecraft:poppy":1,"minecraft:spruce_slab":2,"minecraft:minecart":6,"minecraft:sugar_cane":32,"minecraft:birch_sapling":2,"minecraft:piston":8,"minecraft:stripped_crimson_hyphae":34,"minecraft:spruce_fence":6,"minecraft:carrot":2,"minecraft:redstone":99,"minecraft:dark_oak_planks":21,"minecraft:arrow":103,"minecraft:hay_block":20,"minecraft:mutton":4,"minecraft:white_wool":2,"travelersbackpack:melon":1,"travelersbackpack:red_sleeping_bag":3,"minecraft:oak_log":38,"minecraft:lily_pad":13,"minecraft:gunpowder":5,"minecraft:cobblestone_stairs":1,"tombstone:gift":2,"minecraft:cooked_mutton":2,"minecraft:stone_bricks":14,"alexsmobs:cockroach_wing_fragment":3,"minecraft:iron_ingot":17,"minecraft:stone_pickaxe":3,"minecraft:iron_ore":177,"minecraft:dark_oak_stairs":1,"minecraft:oak_slab":16,"minecraft:dark_oak_slab":2,"minecraft:pumpkin":1,"minecraft:gravel":1,"alexsmobs:sombrero":2,"minecraft:gold_ore":8,"minecraft:spider_eye":2,"travelersbackpack:standard":15,"minecraft:iron_helmet":1,"minecraft:gray_wool":1,"minecraft:terracotta":27,"tombstone:magic_scroll":3,"minecraft:melon_seeds":3,"minecraft:dark_oak_wood":17,"minecraft:coal":51,"minecraft:hopper":1},"minecraft:mined":{"minecraft:dark_oak_planks":22,"securitycraft:mine":2,"minecraft:spruce_planks":32,"minecraft:cobblestone_stairs":1,"minecraft:brewing_stand":1,"minecraft:granite":11,"travelersbackpack:red_sleeping_bag":2,"minecraft:stripped_crimson_hyphae":35,"minecraft:grass_block":6,"gobber2:gobber2_lucky_block":1,"minecraft:hopper":1,"minecraft:spawner":26,"minecraft:iron_ore":177,"minecraft:fire":1,"minecraft:pumpkin":1,"create:copper_ore":29,"minecraft:dark_oak_stairs":1,"minecraft:spruce_slab":3,"minecraft:tripwire":3,"minecraft:green_bed":2,"minecraft:orange_bed":1,"minecraft:red_bed":4,"minecraft:chiseled_quartz_block":2,"minecraft:torch":3,"minecraft:dark_oak_wood":18,"minecraft:chest":1,"create:scoria":16,"minecraft:white_stained_glass_pane":2,"minecraft:cobblestone":20,"minecraft:sugar_cane":14,"minecraft:oak_planks":21,"minecraft:wall_torch":10,"minecraft:dark_oak_slab":2,"minecraft:light_gray_stained_glass":4,"minecraft:lilac":1,"travelersbackpack:sandstone":1,"minecraft:grass":43,"minecraft:oak_log":37,"minecraft:smooth_quartz":1,"minecraft:dirt":18,"minecraft:crimson_planks":7,"minecraft:tripwire_hook":1,"minecraft:piston":4,"minecraft:oak_leaves":14,"minecraft:dark_prismarine":5,"create:zinc_ore":29,"minecraft:diamond_ore":9,"minecraft:dark_oak_log":16,"create:natural_scoria":68,"minecraft:ladder":8,"minecraft:dark_oak_fence":2,"minecraft:spruce_fence":2,"minecraft:hay_block":20,"minecraft:redstone_ore":22,"minecraft:furnace":8,"minecraft:andesite":21,"minecraft:stripped_spruce_log":9,"minecraft:gold_block":1,"securitycraft:cobblestone_mine":1,"minecraft:stone":294,"minecraft:redstone_wall_torch":1,"minecraft:gray_concrete":13,"travelersbackpack:standard":4,"minecraft:crafting_table":10,"minecraft:rose_bush":2,"minecraft:andesite_slab":9,"minecraft:tall_grass":5,"minecraft:lapis_ore":4,"minecraft:diorite":15,"minecraft:spruce_stairs":3,"minecraft:red_terracotta":5,"minecraft:birch_leaves":12,"minecraft:coal_ore":42,"minecraft:gravel":3,"minecraft:acacia_planks":1,"minecraft:terracotta":19,"minecraft:stripped_acacia_wood":33,"minecraft:polished_andesite":128,"minecraft:gold_ore":7},"minecraft:used":{"minecraft:shield":213,"minecraft:iron_sword":937,"minecraft:stripped_spruce_log":9,"minecraft:lava_bucket":12,"create:scoria":56,"minecraft:stone_bricks":3,"travelersbackpack:red_sleeping_bag":2,"minecraft:bow":34,"minecraft:dark_oak_boat":2,"minecraft:furnace":9,"minecraft:diorite":2,"minecraft:stone_pickaxe":159,"minecraft:oak_planks":83,"minecraft:ender_pearl":5,"alexsmobs:blobfish_bucket":3,"minecraft:wooden_pickaxe":19,"travelersbackpack:melon":2,"minecraft:gray_concrete":4,"waystones:waystone":1,"minecraft:bread":263,"tombstone:grave_key":1,"securitycraft:mine":2,"minecraft:andesite":6,"minecraft:oak_boat":3,"travelersbackpack:sandstone":3,"minecraft:spruce_planks":97,"minecraft:torch":70,"minecraft:dirt":19,"minecraft:hopper":1,"minecraft:dark_oak_planks":85,"minecraft:wooden_axe":9,"minecraft:iron_axe":331,"minecraft:crimson_planks":138,"minecraft:golden_carrot":5,"alexsmobs:lobster_bucket":1,"securitycraft:dirt_mine":1,"minecraft:minecart":5,"tombstone:gift":13,"minecraft:acacia_planks":91,"minecraft:cooked_mutton":1,"minecraft:water_bucket":141,"minecraft:polished_andesite":122,"minecraft:green_bed":3,"securitycraft:cobblestone_mine":2,"minecraft:crafting_table":11,"minecraft:piston":6,"minecraft:iron_pickaxe":845,"minecraft:stone_axe":41,"minecraft:cobblestone":275,"travelersbackpack:standard":14,"minecraft:cooked_porkchop":1,"minecraft:bucket":158,"alexsmobs:animal_dictionary":1},"minecraft:custom":{"minecraft:interact_with_crafting_table":40,"minecraft:open_barrel":66,"minecraft:leave_game":11,"minecraft:time_since_death":10235,"minecraft:sprint_one_cm":1424505,"minecraft:damage_blocked_by_shield":8460,"minecraft:drop":300,"minecraft:deaths":22,"minecraft:jump":7089,"minecraft:walk_on_water_one_cm":101977,"minecraft:interact_with_furnace":114,"minecraft:play_one_minute":368731,"minecraft:sleep_in_bed":7,"minecraft:waystone_activated":6,"minecraft:damage_dealt":48622,"minecraft:crouch_one_cm":33080,"tombstone:undead_killed":166,"minecraft:interact_with_smoker":1,"minecraft:inspect_dispenser":1,"minecraft:mob_kills":243,"minecraft:climb_one_cm":64957,"minecraft:walk_one_cm":559572,"minecraft:sneak_time":14903,"minecraft:walk_under_water_one_cm":56841,"minecraft:boat_one_cm":427506,"tombstone:raider_killed":9,"minecraft:time_since_rest":9972,"minecraft:damage_taken":23794,"minecraft:minecart_one_cm":92267,"minecraft:swim_one_cm":96854,"minecraft:fly_one_cm":1293641,"minecraft:open_chest":90,"minecraft:fall_one_cm":208211},"minecraft:dropped":{"minecraft:gold_ore":8,"minecraft:iron_sword":3,"minecraft:piston":12,"minecraft:dark_oak_stairs":1,"minecraft:oak_log":2,"minecraft:diamond":2,"minecraft:dark_oak_slab":2,"travelersbackpack:standard":8,"minecraft:flint":2,"minecraft:cobblestone_stairs":1,"minecraft:dirt":78,"minecraft:gray_concrete":3,"minecraft:red_bed":4,"minecraft:dark_oak_fence":1,"minecraft:mutton":4,"minecraft:sand":1,"minecraft:iron_pickaxe":5,"minecraft:dark_oak_planks":2,"alexsmobs:raccoon_tail":1,"minecraft:white_wool":2,"minecraft:bone":113,"minecraft:gravel":1,"alexsmobs:centipede_leg":1,"minecraft:stone_axe":2,"minecraft:sugar_cane":6,"alexsmobs:animal_dictionary":1,"minecraft:andesite_slab":15,"minecraft:birch_sapling":2,"tombstone:gift":4,"minecraft:rotten_flesh":48,"minecraft:oak_planks":7,"minecraft:glowstone_dust":1,"minecraft:honey_bottle":10,"minecraft:carrot":2,"minecraft:poppy":1,"create:scoria_cobblestone":13,"minecraft:gunpowder":9,"create:scoria":6,"minecraft:melon_seeds":3,"create:zinc_ore":2,"minecraft:spruce_slab":2,"minecraft:arrow":47,"minecraft:stone_brick_stairs":3,"alexsmobs:sombrero":1,"minecraft:crimson_planks":3,"minecraft:enchanted_book":11,"minecraft:iron_ingot":9,"minecraft:bread":11,"minecraft:wheat_seeds":18,"minecraft:minecart":1,"minecraft:iron_helmet":1,"minecraft:feather":9,"minecraft:cobblestone":9,"minecraft:spectral_arrow":2,"minecraft:observer":1,"minecraft:granite":12,"minecraft:spruce_stairs":8,"minecraft:coal":19,"minecraft:golden_apple":1,"minecraft:stick":20,"minecraft:polished_andesite":3,"minecraft:diamond_horse_armor":1,"minecraft:gray_wool":1,"minecraft:diorite":15,"minecraft:torch":3,"minecraft:wooden_axe":4,"minecraft:rose_bush":2,"tombstone:grave_dust":21,"minecraft:iron_leggings":1,"minecraft:pumpkin":1,"minecraft:iron_axe":1,"minecraft:iron_shovel":2,"minecraft:string":12,"minecraft:lily_pad":13,"minecraft:acacia_planks":1,"minecraft:redstone":1,"minecraft:furnace":2,"minecraft:bricks":1,"alexsmobs:maggot":2,"alexsmobs:tarantula_hawk_wing_fragment":1,"minecraft:iron_boots":3,"minecraft:spruce_fence":6,"alexsmobs:bear_fur":2,"minecraft:red_terracotta":4,"minecraft:shield":5,"alexsmobs:cockroach_wing_fragment":3,"minecraft:spruce_planks":13,"minecraft:iron_chestplate":5,"minecraft:andesite":25,"minecraft:oak_sapling":3,"minecraft:spider_eye":2,"minecraft:stone_bricks":1,"minecraft:bow":5,"minecraft:stone_pickaxe":5,"minecraft:wooden_pickaxe":6,"minecraft:dark_prismarine":5,"minecraft:terracotta":17},"minecraft:broken":{"minecraft:iron_boots":1,"minecraft:shield":1,"alexsmobs:sombrero":1}},"DataVersion":2586}