{"stats":{"minecraft:mined":{"securitycraft:mine":2,"minecraft:spruce_planks":16,"minecraft:cobblestone_stairs":1,"minecraft:dark_oak_log":16,"travelersbackpack:red_sleeping_bag":2,"minecraft:dark_oak_fence":2,"create:natural_scoria":68,"minecraft:ladder":8,"minecraft:granite":8,"minecraft:stripped_crimson_hyphae":35,"minecraft:spruce_fence":2,"minecraft:grass_block":4,"gobber2:gobber2_lucky_block":1,"minecraft:hopper":1,"minecraft:spawner":17,"minecraft:hay_block":12,"minecraft:redstone_ore":14,"minecraft:furnace":6,"minecraft:iron_ore":115,"minecraft:fire":1,"minecraft:andesite":15,"create:copper_ore":29,"minecraft:stripped_spruce_log":9,"minecraft:pumpkin":1,"minecraft:gold_block":1,"securitycraft:cobblestone_mine":1,"minecraft:stone":180,"minecraft:redstone_wall_torch":1,"minecraft:spruce_slab":3,"minecraft:green_bed":2,"minecraft:gray_concrete":8,"travelersbackpack:standard":4,"minecraft:chiseled_quartz_block":1,"minecraft:crafting_table":6,"minecraft:torch":1,"minecraft:dark_oak_wood":18,"minecraft:chest":1,"create:scoria":16,"minecraft:rose_bush":2,"minecraft:andesite_slab":9,"minecraft:tall_grass":2,"minecraft:cobblestone":18,"minecraft:oak_planks":16,"minecraft:lapis_ore":4,"minecraft:sugar_cane":14,"minecraft:diorite":12,"minecraft:wall_torch":5,"minecraft:spruce_stairs":1,"minecraft:red_terracotta":5,"minecraft:dark_oak_slab":1,"minecraft:light_gray_stained_glass":2,"minecraft:lilac":1,"minecraft:birch_leaves":12,"minecraft:grass":12,"minecraft:coal_ore":33,"minecraft:oak_log":16,"minecraft:dirt":6,"minecraft:crimson_planks":7,"minecraft:terracotta":19,"minecraft:stripped_acacia_wood":33,"minecraft:polished_andesite":128,"minecraft:gold_ore":7,"minecraft:piston":4,"minecraft:dark_oak_planks":20,"create:zinc_ore":29},"minecraft:killed":{"minecraft:witch":3,"alexsmobs:raccoon":1,"minecraft:spider":8,"minecraft:phantom":6,"minecraft:skeleton":63,"minecraft:magma_cube":5,"alexsmobs:grizzly_bear":1,"minecraft:zombie_villager":1,"minecraft:creeper":1,"minecraft:sheep":2,"alexsmobs:cockroach":4,"minecraft:zombie":37,"alexsmobs:crow":2},"minecraft:dropped":{"minecraft:crimson_planks":3,"minecraft:enchanted_book":6,"minecraft:gold_ore":8,"minecraft:iron_ingot":9,"minecraft:bread":11,"minecraft:iron_sword":2,"minecraft:piston":12,"minecraft:wheat_seeds":1,"minecraft:diamond":2,"minecraft:minecart":1,"minecraft:feather":1,"minecraft:cobblestone":3,"minecraft:observer":1,"minecraft:granite":9,"minecraft:spruce_stairs":2,"travelersbackpack:standard":8,"minecraft:coal":10,"minecraft:golden_apple":1,"minecraft:cobblestone_stairs":1,"minecraft:stick":15,"minecraft:polished_andesite":3,"minecraft:diamond_horse_armor":1,"minecraft:dirt":67,"minecraft:gray_concrete":3,"minecraft:diorite":13,"minecraft:dark_oak_fence":1,"minecraft:mutton":4,"minecraft:wooden_axe":3,"minecraft:rose_bush":2,"tombstone:grave_dust":15,"minecraft:iron_leggings":1,"minecraft:pumpkin":1,"minecraft:iron_axe":1,"minecraft:iron_pickaxe":4,"minecraft:iron_shovel":2,"minecraft:string":7,"alexsmobs:raccoon_tail":1,"minecraft:lily_pad":4,"minecraft:white_wool":2,"minecraft:redstone":1,"minecraft:bone":75,"minecraft:bricks":1,"minecraft:stone_axe":1,"minecraft:sugar_cane":6,"alexsmobs:animal_dictionary":1,"minecraft:andesite_slab":15,"minecraft:rotten_flesh":43,"minecraft:oak_planks":7,"minecraft:iron_boots":1,"minecraft:glowstone_dust":1,"minecraft:honey_bottle":10,"minecraft:spruce_fence":6,"alexsmobs:bear_fur":2,"minecraft:red_terracotta":4,"minecraft:carrot":2,"create:scoria_cobblestone":13,"minecraft:shield":4,"minecraft:gunpowder":1,"create:scoria":6,"alexsmobs:cockroach_wing_fragment":2,"minecraft:spruce_planks":11,"minecraft:iron_chestplate":3,"minecraft:andesite":23,"minecraft:melon_seeds":3,"minecraft:oak_sapling":2,"minecraft:spider_eye":2,"minecraft:stone_bricks":1,"create:zinc_ore":2,"minecraft:spruce_slab":2,"minecraft:arrow":42,"minecraft:bow":2,"minecraft:stone_pickaxe":4,"minecraft:wooden_pickaxe":5,"minecraft:stone_brick_stairs":3,"minecraft:terracotta":17},"minecraft:custom":{"minecraft:mob_kills":152,"minecraft:interact_with_crafting_table":27,"minecraft:open_barrel":49,"minecraft:leave_game":10,"minecraft:time_since_death":57,"minecraft:climb_one_cm":49037,"minecraft:sprint_one_cm":865485,"minecraft:walk_one_cm":372085,"minecraft:damage_blocked_by_shield":5780,"minecraft:drop":190,"minecraft:deaths":17,"minecraft:sneak_time":11087,"minecraft:walk_under_water_one_cm":31925,"minecraft:boat_one_cm":265033,"minecraft:jump":4231,"minecraft:walk_on_water_one_cm":53286,"minecraft:interact_with_furnace":68,"tombstone:raider_killed":9,"minecraft:play_one_minute":249855,"minecraft:sleep_in_bed":7,"minecraft:waystone_activated":4,"minecraft:time_since_rest":1,"minecraft:damage_taken":16974,"minecraft:minecart_one_cm":92267,"minecraft:damage_dealt":31522,"minecraft:swim_one_cm":20704,"minecraft:fly_one_cm":732857,"minecraft:crouch_one_cm":24484,"minecraft:open_chest":50,"tombstone:undead_killed":107,"minecraft:inspect_dispenser":1,"minecraft:fall_one_cm":136703,"minecraft:interact_with_smoker":1},"minecraft:used":{"minecraft:spruce_planks":1,"minecraft:shield":151,"minecraft:iron_sword":551,"minecraft:torch":58,"minecraft:dirt":1,"minecraft:hopper":1,"minecraft:stripped_spruce_log":9,"minecraft:dark_oak_planks":85,"minecraft:wooden_axe":3,"minecraft:lava_bucket":12,"minecraft:iron_axe":295,"create:scoria":56,"minecraft:crimson_planks":138,"minecraft:stone_bricks":3,"travelersbackpack:red_sleeping_bag":2,"minecraft:golden_carrot":5,"minecraft:bow":26,"minecraft:dark_oak_boat":2,"securitycraft:dirt_mine":1,"minecraft:furnace":7,"minecraft:minecart":5,"tombstone:gift":8,"minecraft:acacia_planks":91,"minecraft:water_bucket":117,"minecraft:stone_pickaxe":110,"minecraft:polished_andesite":122,"minecraft:oak_planks":59,"minecraft:ender_pearl":5,"minecraft:wooden_pickaxe":6,"alexsmobs:blobfish_bucket":2,"travelersbackpack:melon":2,"minecraft:green_bed":3,"securitycraft:cobblestone_mine":2,"minecraft:crafting_table":9,"minecraft:gray_concrete":4,"minecraft:piston":6,"minecraft:bread":176,"minecraft:iron_pickaxe":649,"tombstone:grave_key":1,"securitycraft:mine":2,"minecraft:stone_axe":25,"minecraft:cobblestone":189,"travelersbackpack:standard":13,"minecraft:andesite":2,"minecraft:bucket":132,"alexsmobs:animal_dictionary":1},"minecraft:picked_up":{"minecraft:wooden_axe":2,"minecraft:iron_chestplate":3,"minecraft:crafting_table":7,"minecraft:azure_bluet":1,"minecraft:ladder":5,"minecraft:wooden_pickaxe":4,"cataclysm:chiseled_obsidian_bricks":1,"minecraft:gold_block":1,"minecraft:enchanted_book":4,"minecraft:diamond_horse_armor":1,"minecraft:stone_brick_stairs":3,"minecraft:crimson_planks":7,"minecraft:shield":3,"minecraft:string":6,"create:scoria_cobblestone":13,"minecraft:iron_shovel":2,"minecraft:experience_bottle":28,"minecraft:spruce_planks":19,"minecraft:rose_bush":2,"create:zinc_ore":29,"minecraft:observer":1,"alexsmobs:raccoon_tail":1,"minecraft:iron_pickaxe":1,"minecraft:spruce_slab":2,"minecraft:minecart":6,"minecraft:enchanted_golden_apple":1,"minecraft:sugar_cane":32,"minecraft:piston":8,"minecraft:furnace":5,"minecraft:stick":2,"minecraft:stripped_crimson_hyphae":34,"minecraft:torch":19,"minecraft:green_bed":2,"minecraft:spruce_stairs":2,"minecraft:spruce_fence":6,"tombstone:grave_dust":18,"minecraft:diorite":17,"minecraft:carrot":2,"minecraft:redstone":65,"minecraft:dark_oak_planks":19,"gobber2:gobber2_foo":1,"minecraft:arrow":65,"minecraft:rotten_flesh":43,"create:scoria":62,"minecraft:hay_block":12,"minecraft:mutton":4,"minecraft:white_wool":2,"alexsmobs:blobfish_bucket":1,"minecraft:cobblestone":229,"minecraft:feather":1,"travelersbackpack:melon":1,"minecraft:andesite":25,"minecraft:dark_oak_boat":2,"travelersbackpack:red_sleeping_bag":2,"minecraft:chiseled_quartz_block":1,"alexsmobs:bear_fur":2,"minecraft:oak_log":17,"minecraft:lily_pad":4,"minecraft:gunpowder":1,"minecraft:cobblestone_stairs":1,"minecraft:gray_concrete":7,"minecraft:lapis_lazuli":29,"minecraft:dirt":155,"minecraft:lantern":2,"minecraft:bone":75,"create:copper_ore":29,"minecraft:stone_bricks":14,"minecraft:bow":2,"minecraft:wheat_seeds":6,"securitycraft:cobblestone_mine":1,"alexsmobs:cockroach_wing_fragment":2,"minecraft:iron_ingot":17,"minecraft:stone_pickaxe":3,"minecraft:iron_ore":115,"minecraft:glowstone_dust":1,"minecraft:oak_planks":18,"minecraft:oak_slab":16,"securitycraft:mine":4,"minecraft:pumpkin":1,"minecraft:stripped_acacia_wood":31,"alexsmobs:sombrero":1,"minecraft:stripped_spruce_log":18,"minecraft:gold_ore":8,"minecraft:dark_oak_log":16,"minecraft:red_terracotta":4,"minecraft:spider_eye":2,"travelersbackpack:standard":13,"minecraft:polished_andesite":125,"minecraft:diamond":1,"minecraft:coarse_dirt":2,"minecraft:granite":9,"minecraft:golden_apple":1,"minecraft:bread":32,"minecraft:terracotta":27,"tombstone:magic_scroll":2,"minecraft:oak_sapling":2,"minecraft:melon_seeds":3,"minecraft:dark_oak_wood":17,"minecraft:dark_oak_fence":1,"minecraft:bricks":1,"minecraft:coal":39,"minecraft:andesite_slab":15,"minecraft:hopper":1},"minecraft:killed_by":{"minecraft:creeper":2,"minecraft:skeleton":7,"minecraft:phantom":1,"minecraft:witch":1},"minecraft:broken":{"minecraft:iron_boots":1,"minecraft:shield":1,"alexsmobs:sombrero":1},"minecraft:crafted":{"minecraft:oak_planks":68,"minecraft:dark_oak_boat":2,"minecraft:furnace":2,"minecraft:hopper":1,"minecraft:iron_boots":2,"minecraft:iron_axe":2,"minecraft:stone_pickaxe":1,"minecraft:chest":1,"minecraft:dark_oak_planks":132,"minecraft:wheat":108,"minecraft:crimson_planks":136,"minecraft:crafting_table":2,"minecraft:wooden_pickaxe":1,"minecraft:iron_helmet":1,"minecraft:iron_sword":3,"minecraft:bucket":2,"securitycraft:cobblestone_mine":1,"minecraft:stone_axe":1,"minecraft:bread":36,"minecraft:air":0,"securitycraft:dirt_mine":1,"minecraft:iron_chestplate":2,"minecraft:shield":3,"minecraft:stick":48,"minecraft:iron_ingot":115,"minecraft:iron_pickaxe":4,"minecraft:wooden_axe":1,"minecraft:iron_leggings":2,"minecraft:acacia_planks":124,"minecraft:torch":48}},"DataVersion":2586}