{"stats":{"minecraft:killed":{"minecraft:cave_spider":2,"minecraft:witch":3,"minecraft:spider":15,"minecraft:skeleton":151,"minecraft:silverfish":24,"alexsmobs:centipede_head":2,"minecraft:magma_cube":5,"minecraft:pig":2,"alexsmobs:grizzly_bear":1,"minecraft:zombie_villager":1,"minecraft:creeper":2,"minecraft:sheep":3,"minecraft:zombie":63,"alexsmobs:tarantula_hawk":1,"alexsmobs:raccoon":1,"alexsmobs:rattlesnake":1,"minecraft:phantom":6,"alexsmobs:guster":1,"alexsmobs:emu":2,"alexsmobs:cockroach":6,"alexsmobs:crow":2},"minecraft:custom":{"minecraft:interact_with_crafting_table":40,"minecraft:open_barrel":72,"minecraft:bell_ring":1,"minecraft:leave_game":12,"minecraft:time_since_death":3091,"minecraft:sprint_one_cm":1933271,"minecraft:damage_blocked_by_shield":11060,"minecraft:drop":387,"minecraft:deaths":25,"minecraft:jump":9863,"minecraft:walk_on_water_one_cm":138254,"minecraft:interact_with_furnace":114,"minecraft:play_one_minute":480408,"minecraft:sleep_in_bed":7,"minecraft:waystone_activated":7,"minecraft:damage_dealt":62795,"minecraft:crouch_one_cm":35223,"tombstone:undead_killed":221,"minecraft:interact_with_smoker":1,"minecraft:inspect_dispenser":1,"minecraft:mob_kills":320,"minecraft:climb_one_cm":65392,"minecraft:walk_one_cm":697441,"minecraft:sneak_time":16371,"minecraft:walk_under_water_one_cm":67764,"minecraft:boat_one_cm":475967,"minecraft:interact_with_blast_furnace":3,"tombstone:raider_killed":9,"minecraft:time_since_rest":2844,"minecraft:damage_taken":26914,"minecraft:minecart_one_cm":92267,"minecraft:swim_one_cm":146970,"minecraft:fly_one_cm":1822676,"minecraft:open_chest":102,"minecraft:fall_one_cm":261131},"minecraft:killed_by":{"minecraft:creeper":2,"minecraft:witch":1,"minecraft:skeleton":12,"minecraft:phantom":1},"minecraft:mined":{"minecraft:dark_oak_planks":22,"securitycraft:mine":2,"minecraft:spruce_planks":32,"minecraft:cobblestone_stairs":1,"minecraft:brewing_stand":1,"minecraft:granite":20,"travelersbackpack:red_sleeping_bag":2,"minecraft:stripped_crimson_hyphae":35,"minecraft:grass_block":9,"gobber2:gobber2_lucky_block":1,"minecraft:coal_block":1,"minecraft:hopper":1,"minecraft:spawner":34,"gobber2:gobber2_ore":35,"minecraft:iron_ore":184,"minecraft:fire":5,"minecraft:pumpkin":1,"create:copper_ore":29,"minecraft:dark_oak_stairs":1,"minecraft:oak_stairs":1,"minecraft:spruce_slab":3,"minecraft:tripwire":3,"minecraft:green_bed":2,"minecraft:orange_bed":1,"minecraft:red_bed":4,"minecraft:chiseled_quartz_block":2,"minecraft:torch":13,"minecraft:dark_oak_wood":18,"minecraft:chest":2,"create:scoria":16,"minecraft:white_stained_glass_pane":2,"minecraft:cobblestone":24,"minecraft:sugar_cane":14,"minecraft:oak_planks":28,"minecraft:wall_torch":11,"minecraft:dark_oak_slab":3,"minecraft:light_gray_stained_glass":4,"minecraft:lilac":1,"travelersbackpack:sandstone":1,"minecraft:grass":62,"minecraft:oak_log":65,"minecraft:dirt":24,"minecraft:smooth_quartz":1,"minecraft:crimson_planks":7,"minecraft:tripwire_hook":1,"minecraft:piston":4,"minecraft:oak_leaves":45,"create:zinc_ore":31,"minecraft:dark_prismarine":5,"minecraft:diamond_ore":13,"minecraft:dark_oak_log":16,"create:natural_scoria":70,"minecraft:ladder":8,"minecraft:dark_oak_fence":11,"minecraft:spruce_fence":2,"minecraft:spruce_leaves":10,"minecraft:hay_block":46,"minecraft:redstone_ore":26,"minecraft:furnace":9,"minecraft:andesite":29,"minecraft:stripped_spruce_log":9,"minecraft:peony":1,"minecraft:gold_block":2,"minecraft:rail":1,"securitycraft:cobblestone_mine":1,"minecraft:stone":667,"minecraft:redstone_wall_torch":1,"minecraft:gray_concrete":13,"minecraft:stripped_dark_oak_log":1,"travelersbackpack:standard":4,"minecraft:crafting_table":11,"minecraft:rose_bush":2,"minecraft:andesite_slab":9,"minecraft:tall_grass":7,"minecraft:lapis_ore":4,"minecraft:diorite":30,"minecraft:spruce_stairs":3,"minecraft:red_terracotta":5,"minecraft:sweet_berry_bush":2,"minecraft:birch_leaves":15,"minecraft:coal_ore":46,"minecraft:gravel":25,"minecraft:cobweb":18,"minecraft:terracotta":19,"minecraft:acacia_planks":1,"minecraft:stripped_acacia_wood":33,"minecraft:polished_andesite":128,"minecraft:gold_ore":7},"minecraft:crafted":{"minecraft:oak_planks":256,"minecraft:dark_oak_boat":2,"minecraft:hopper":1,"minecraft:iron_boots":3,"minecraft:chest":1,"minecraft:crafting_table":3,"minecraft:spruce_planks":88,"minecraft:wooden_pickaxe":2,"minecraft:iron_helmet":2,"minecraft:birch_planks":20,"minecraft:iron_chestplate":3,"minecraft:diamond_pickaxe":1,"minecraft:shield":5,"minecraft:stick":80,"minecraft:iron_ingot":185,"minecraft:iron_pickaxe":8,"minecraft:gold_ingot":9,"minecraft:furnace":4,"minecraft:flint_and_steel":2,"minecraft:iron_axe":3,"minecraft:stone_pickaxe":2,"minecraft:dark_oak_planks":132,"minecraft:wheat":414,"minecraft:crimson_planks":136,"minecraft:iron_sword":4,"minecraft:bucket":2,"securitycraft:cobblestone_mine":1,"minecraft:stone_axe":2,"minecraft:bread":138,"minecraft:air":0,"securitycraft:dirt_mine":1,"minecraft:oak_boat":1,"minecraft:wooden_axe":2,"minecraft:iron_leggings":3,"minecraft:acacia_planks":124,"minecraft:torch":64},"minecraft:picked_up":{"minecraft:wooden_axe":2,"minecraft:iron_chestplate":6,"minecraft:oak_stairs":5,"cataclysm:chiseled_obsidian_bricks":1,"minecraft:enchanted_book":5,"minecraft:stone_brick_stairs":3,"minecraft:crimson_planks":7,"minecraft:brewing_stand":1,"minecraft:string":51,"minecraft:iron_leggings":2,"minecraft:experience_bottle":28,"alexsmobs:emu_feather":3,"minecraft:spruce_planks":35,"minecraft:rose_bush":2,"minecraft:iron_pickaxe":1,"alexsmobs:raccoon_tail":1,"minecraft:enchanted_golden_apple":2,"minecraft:coal_block":1,"minecraft:furnace":10,"minecraft:iron_boots":3,"minecraft:stick":2,"minecraft:oak_fence":4,"minecraft:torch":45,"minecraft:green_bed":2,"minecraft:spruce_stairs":8,"tombstone:grave_dust":31,"minecraft:diorite":38,"alexsmobs:centipede_leg":1,"gobber2:gobber2_foo":1,"minecraft:orange_bed":1,"minecraft:rotten_flesh":59,"create:scoria":64,"alexsmobs:blobfish_bucket":2,"minecraft:cobblestone":785,"minecraft:birch_log":5,"minecraft:feather":7,"minecraft:water_bucket":1,"minecraft:andesite":41,"minecraft:dark_oak_boat":2,"minecraft:chiseled_quartz_block":2,"alexsmobs:bear_fur":2,"minecraft:flint":6,"gobber2:gobber2_ore":35,"minecraft:gray_concrete":12,"minecraft:lapis_lazuli":29,"minecraft:dirt":189,"minecraft:lantern":2,"minecraft:glass":6,"minecraft:bone":140,"create:copper_ore":31,"minecraft:acacia_planks":1,"minecraft:bow":6,"minecraft:wheat_seeds":25,"securitycraft:cobblestone_mine":1,"minecraft:glowstone_dust":1,"minecraft:oak_planks":37,"securitycraft:mine":4,"minecraft:cooked_porkchop":4,"minecraft:stripped_acacia_wood":31,"minecraft:sand":2,"minecraft:stripped_spruce_log":18,"minecraft:spectral_arrow":1,"minecraft:dark_oak_log":16,"minecraft:red_terracotta":4,"minecraft:dark_prismarine":5,"minecraft:polished_andesite":125,"minecraft:diamond":14,"waystones:waystone":2,"minecraft:granite":21,"alexsmobs:tarantula_hawk_wing_fragment":1,"minecraft:golden_apple":2,"minecraft:bread":64,"alexsmobs:maggot":2,"minecraft:oak_sapling":6,"minecraft:dark_oak_fence":10,"minecraft:bricks":1,"minecraft:andesite_slab":15,"minecraft:crafting_table":12,"minecraft:coarse_dirt":2,"minecraft:azure_bluet":1,"minecraft:ladder":5,"minecraft:wooden_pickaxe":4,"minecraft:gold_block":2,"minecraft:diamond_horse_armor":1,"travelersbackpack:sandstone":2,"minecraft:shield":5,"minecraft:red_bed":6,"create:scoria_cobblestone":13,"minecraft:iron_shovel":2,"minecraft:beef":1,"minecraft:oak_boat":8,"create:zinc_ore":31,"minecraft:observer":1,"minecraft:poppy":1,"minecraft:spruce_slab":2,"minecraft:minecart":6,"minecraft:sugar_cane":32,"minecraft:birch_sapling":2,"minecraft:piston":8,"minecraft:stripped_crimson_hyphae":34,"minecraft:spruce_fence":6,"minecraft:carrot":2,"minecraft:redstone":113,"minecraft:dark_oak_planks":21,"minecraft:arrow":135,"minecraft:peony":1,"minecraft:hay_block":46,"tombstone:essence_of_undeath":1,"minecraft:mutton":4,"minecraft:rail":2,"minecraft:white_wool":2,"travelersbackpack:melon":1,"travelersbackpack:red_sleeping_bag":3,"minecraft:oak_log":66,"minecraft:lily_pad":13,"minecraft:gunpowder":12,"minecraft:cobblestone_stairs":1,"tombstone:gift":2,"minecraft:cooked_mutton":2,"minecraft:stone_bricks":14,"alexsmobs:cockroach_wing_fragment":3,"minecraft:iron_ingot":37,"minecraft:stone_pickaxe":3,"minecraft:iron_ore":185,"tombstone:bag_of_seeds":1,"minecraft:dark_oak_stairs":1,"minecraft:oak_slab":16,"minecraft:dark_oak_slab":4,"minecraft:pumpkin":1,"minecraft:sweet_berries":2,"minecraft:gravel":33,"alexsmobs:sombrero":2,"minecraft:spruce_sapling":1,"minecraft:gold_ore":8,"minecraft:spider_eye":5,"travelersbackpack:standard":15,"minecraft:iron_helmet":1,"minecraft:gray_wool":1,"minecraft:terracotta":27,"tombstone:magic_scroll":3,"minecraft:melon_seeds":3,"minecraft:dark_oak_wood":17,"minecraft:stripped_dark_oak_log":1,"minecraft:coal":78,"minecraft:hopper":1},"minecraft:broken":{"minecraft:iron_boots":1,"minecraft:flint_and_steel":3,"minecraft:shield":1,"minecraft:iron_pickaxe":1,"alexsmobs:sombrero":1},"minecraft:dropped":{"minecraft:gold_ore":8,"minecraft:iron_sword":4,"minecraft:piston":12,"minecraft:birch_planks":12,"minecraft:dark_oak_stairs":1,"minecraft:oak_log":2,"minecraft:diamond":2,"minecraft:crafting_table":4,"minecraft:dark_oak_slab":4,"travelersbackpack:standard":8,"minecraft:rail":2,"minecraft:flint":4,"minecraft:cobblestone_stairs":1,"tombstone:bag_of_seeds":2,"minecraft:dirt":83,"minecraft:gray_concrete":8,"minecraft:red_bed":6,"minecraft:dark_oak_fence":1,"minecraft:mutton":4,"minecraft:sand":2,"minecraft:iron_pickaxe":6,"minecraft:dark_oak_planks":2,"alexsmobs:raccoon_tail":1,"minecraft:white_wool":2,"minecraft:bone":136,"minecraft:gravel":31,"alexsmobs:centipede_leg":1,"minecraft:stone_axe":2,"minecraft:sugar_cane":6,"alexsmobs:animal_dictionary":1,"minecraft:andesite_slab":15,"minecraft:birch_sapling":2,"tombstone:gift":5,"minecraft:rotten_flesh":59,"minecraft:oak_planks":10,"minecraft:glowstone_dust":1,"minecraft:honey_bottle":10,"minecraft:carrot":2,"minecraft:poppy":1,"create:scoria_cobblestone":13,"minecraft:gunpowder":15,"create:scoria":8,"minecraft:melon_seeds":3,"minecraft:spruce_wood":2,"create:zinc_ore":4,"minecraft:spruce_slab":2,"minecraft:arrow":52,"minecraft:beef":1,"minecraft:stone_brick_stairs":3,"alexsmobs:sombrero":1,"minecraft:crimson_planks":3,"minecraft:enchanted_book":11,"minecraft:iron_ingot":28,"minecraft:bread":11,"minecraft:wheat_seeds":22,"create:copper_ore":2,"minecraft:minecart":1,"minecraft:oak_fence":4,"minecraft:iron_helmet":1,"minecraft:feather":9,"minecraft:cobblestone":251,"minecraft:spectral_arrow":2,"minecraft:observer":1,"minecraft:granite":21,"minecraft:spruce_stairs":8,"minecraft:coal":19,"minecraft:golden_apple":1,"minecraft:stick":22,"minecraft:polished_andesite":3,"minecraft:diamond_horse_armor":1,"minecraft:gray_wool":1,"minecraft:diorite":32,"minecraft:torch":3,"minecraft:wooden_axe":4,"minecraft:rose_bush":2,"tombstone:grave_dust":27,"minecraft:iron_leggings":3,"minecraft:oak_stairs":5,"minecraft:pumpkin":1,"minecraft:iron_axe":1,"minecraft:iron_shovel":2,"minecraft:string":52,"minecraft:lily_pad":13,"minecraft:acacia_planks":1,"minecraft:spruce_sapling":1,"minecraft:redstone":1,"minecraft:furnace":3,"minecraft:bricks":1,"minecraft:sweet_berries":2,"alexsmobs:maggot":2,"minecraft:chiseled_quartz_block":1,"alexsmobs:tarantula_hawk_wing_fragment":1,"minecraft:iron_boots":6,"minecraft:spruce_fence":6,"alexsmobs:bear_fur":2,"minecraft:red_terracotta":4,"minecraft:shield":7,"minecraft:peony":1,"alexsmobs:cockroach_wing_fragment":3,"minecraft:spruce_planks":19,"minecraft:iron_chestplate":6,"minecraft:andesite":35,"minecraft:oak_sapling":6,"minecraft:spider_eye":5,"minecraft:stone_bricks":1,"minecraft:bow":7,"minecraft:stone_pickaxe":5,"minecraft:wooden_pickaxe":6,"minecraft:dark_prismarine":5,"minecraft:terracotta":17},"minecraft:used":{"minecraft:shield":272,"minecraft:iron_sword":1200,"minecraft:stripped_spruce_log":9,"minecraft:lava_bucket":12,"create:scoria":56,"minecraft:stone_bricks":3,"travelersbackpack:red_sleeping_bag":2,"minecraft:bow":58,"minecraft:dark_oak_boat":2,"minecraft:furnace":9,"minecraft:diorite":2,"minecraft:stone_pickaxe":159,"minecraft:oak_planks":168,"minecraft:ender_pearl":5,"minecraft:wooden_pickaxe":19,"alexsmobs:blobfish_bucket":3,"travelersbackpack:melon":2,"minecraft:gray_concrete":4,"waystones:waystone":1,"minecraft:bread":325,"tombstone:grave_key":1,"securitycraft:mine":2,"minecraft:dark_oak_fence":9,"minecraft:andesite":6,"minecraft:oak_boat":8,"travelersbackpack:sandstone":4,"minecraft:flint_and_steel":192,"minecraft:spruce_planks":97,"minecraft:torch":95,"minecraft:dirt":19,"minecraft:hopper":1,"minecraft:dark_oak_planks":85,"minecraft:wooden_axe":9,"minecraft:iron_axe":394,"minecraft:crimson_planks":138,"minecraft:golden_carrot":5,"alexsmobs:lobster_bucket":1,"securitycraft:dirt_mine":1,"minecraft:minecart":5,"tombstone:gift":13,"minecraft:acacia_planks":91,"minecraft:cooked_mutton":2,"minecraft:water_bucket":202,"minecraft:polished_andesite":122,"minecraft:green_bed":3,"securitycraft:cobblestone_mine":2,"minecraft:stripped_dark_oak_log":1,"minecraft:crafting_table":11,"minecraft:piston":6,"minecraft:diamond_pickaxe":39,"minecraft:iron_pickaxe":1296,"minecraft:stone_axe":41,"minecraft:cobblestone":356,"travelersbackpack:standard":14,"minecraft:cooked_porkchop":4,"minecraft:bucket":219,"alexsmobs:animal_dictionary":1}},"DataVersion":2586}