{
  "dungeons_arise:wda_root": {
    "criteria": {
      "WDA": "2024-09-08 04:23:09 +0000"
    },
    "done": true
  },
  "create:root": {
    "criteria": {
      "0": "2024-09-08 04:23:08 +0000"
    },
    "done": true
  },
  "tombstone:adventure/find_easter_egg": {
    "criteria": {
      "coded_trigger": "2024-09-08 04:23:08 +0000"
    },
    "done": true
  },
  "tombstone:adventure/root": {
    "criteria": {
      "auto": "2024-09-08 04:23:08 +0000"
    },
    "done": true
  },
  "cataclysm:root": {
    "criteria": {
      "custom_test_name": "2024-09-08 04:23:09 +0000"
    },
    "done": true
  },
  "minecraft:adventure/adventuring_time": {
    "criteria": {
      "minecraft:forest": "2024-09-08 04:23:08 +0000",
      "minecraft:plains": "2024-09-08 04:24:48 +0000"
    },
    "done": false
  },
  "DataVersion": 2586
}