{
  "create:recipes/create.palettes/diorite_cobblestone_from_diorite_stonecutting": {
    "criteria": {
      "has_diorite": "2024-09-15 02:16:29 +0000"
    },
    "done": true
  },
  "securitycraft:recipes/securitycraft/stone_mine": {
    "criteria": {
      "has_mine": "2024-09-15 02:12:42 +0000"
    },
    "done": true
  },
  "minecraft:recipes/building_blocks/yellow_terracotta": {
    "criteria": {
      "has_terracotta": "2024-09-15 02:13:55 +0000"
    },
    "done": true
  },
  "securitycraft:recipes/securitycraft/gilded_blackstone_mine": {
    "criteria": {
      "has_mine": "2024-09-15 02:12:42 +0000"
    },
    "done": true
  },
  "minecraft:recipes/decorations/honey_block": {
    "criteria": {
      "has_honey_bottle": "2024-09-15 02:12:51 +0000"
    },
    "done": true
  },
  "minecraft:recipes/building_blocks/purple_terracotta": {
    "criteria": {
      "has_terracotta": "2024-09-15 02:13:55 +0000"
    },
    "done": true
  },
  "minecraft:recipes/redstone/lever": {
    "criteria": {
      "has_cobblestone": "2024-09-15 02:12:40 +0000"
    },
    "done": true
  },
  "minecraft:recipes/building_blocks/cobblestone_stairs_from_cobblestone_stonecutting": {
    "criteria": {
      "has_cobblestone": "2024-09-15 02:12:40 +0000"
    },
    "done": true
  },
  "minecraft:recipes/redstone/acacia_button": {
    "criteria": {
      "has_planks": "2024-09-15 02:13:55 +0000"
    },
    "done": true
  },
  "securitycraft:recipes/securitycraft/netherrack_mine": {
    "criteria": {
      "has_mine": "2024-09-15 02:12:42 +0000"
    },
    "done": true
  },
  "create:recipes/create.palettes/mossy_diorite_from_diorite_stonecutting": {
    "criteria": {
      "has_diorite": "2024-09-15 02:16:29 +0000"
    },
    "done": true
  },
  "securitycraft:recipes/securitycraft/reinforced_andesite_with_vanilla_diorite": {
    "criteria": {
      "has_cobblestone": "2024-09-15 02:12:40 +0000"
    },
    "done": true
  },
  "minecraft:recipes/redstone/acacia_pressure_plate": {
    "criteria": {
      "has_planks": "2024-09-15 02:13:55 +0000"
    },
    "done": true
  },
  "minecraft:recipes/building_blocks/chiseled_stone_bricks": {
    "criteria": {
      "has_stone_bricks": "2024-09-15 02:12:51 +0000"
    },
    "done": true
  },
  "minecraft:recipes/building_blocks/stone_brick_slab_from_stone_bricks_stonecutting": {
    "criteria": {
      "has_stone_bricks": "2024-09-15 02:12:51 +0000"
    },
    "done": true
  },
  "minecraft:recipes/building_blocks/diorite_stairs_from_diorite_stonecutting": {
    "criteria": {
      "has_diorite": "2024-09-15 02:16:29 +0000"
    },
    "done": true
  },
  "minecraft:recipes/decorations/stone_brick_wall_from_stone_bricks_stonecutting": {
    "criteria": {
      "has_stone_bricks": "2024-09-15 02:12:51 +0000"
    },
    "done": true
  },
  "minecraft:recipes/decorations/crafting_table": {
    "criteria": {
      "has_planks": "2024-09-15 02:13:17 +0000"
    },
    "done": true
  },
  "securitycraft:recipes/securitycraft/nether_gold_mine": {
    "criteria": {
      "has_mine": "2024-09-15 02:12:42 +0000"
    },
    "done": true
  },
  "minecraft:recipes/building_blocks/chiseled_stone_bricks_from_stone_bricks_stonecutting": {
    "criteria": {
      "has_stone_bricks": "2024-09-15 02:12:51 +0000"
    },
    "done": true
  },
  "minecraft:recipes/building_blocks/diorite_slab_from_diorite_stonecutting": {
    "criteria": {
      "has_diorite": "2024-09-15 02:16:29 +0000"
    },
    "done": true
  },
  "minecraft:recipes/building_blocks/dark_oak_slab": {
    "criteria": {
      "has_planks": "2024-09-15 02:13:55 +0000"
    },
    "done": true
  },
  "minecraft:recipes/decorations/chest": {
    "criteria": {
      "has_lots_of_items": "2024-09-15 02:11:54 +0000"
    },
    "done": true
  },
  "minecraft:recipes/building_blocks/red_terracotta": {
    "criteria": {
      "has_terracotta": "2024-09-15 02:13:55 +0000"
    },
    "done": true
  },
  "minecraft:recipes/redstone/dark_oak_button": {
    "criteria": {
      "has_planks": "2024-09-15 02:13:55 +0000"
    },
    "done": true
  },
  "securitycraft:recipes/securitycraft/sc_manual": {
    "criteria": {
      "has_wood": "2024-09-15 02:13:55 +0000"
    },
    "done": true
  },
  "minecraft:recipes/misc/stick": {
    "criteria": {
      "has_planks": "2024-09-15 02:13:17 +0000"
    },
    "done": true
  },
  "minecraft:recipes/redstone/acacia_fence_gate": {
    "criteria": {
      "has_planks": "2024-09-15 02:13:55 +0000"
    },
    "done": true
  },
  "minecraft:recipes/transportation/spruce_boat": {
    "criteria": {
      "in_water": "2024-09-15 02:14:05 +0000"
    },
    "done": true
  },
  "minecraft:recipes/building_blocks/cracked_stone_bricks": {
    "criteria": {
      "has_stone_bricks": "2024-09-15 02:12:51 +0000"
    },
    "done": true
  },
  "create:recipes/create.palettes/oak_window": {
    "criteria": {
      "has_ingredient": "2024-09-15 02:13:17 +0000"
    },
    "done": true
  },
  "minecraft:recipes/tools/stone_shovel": {
    "criteria": {
      "has_cobblestone": "2024-09-15 02:12:40 +0000"
    },
    "done": true
  },
  "minecraft:recipes/redstone/dispenser": {
    "criteria": {
      "has_bow": "2024-09-15 02:13:55 +0000"
    },
    "done": true
  },
  "minecraft:recipes/building_blocks/lime_terracotta": {
    "criteria": {
      "has_terracotta": "2024-09-15 02:13:55 +0000"
    },
    "done": true
  },
  "minecraft:recipes/building_blocks/diorite_stairs": {
    "criteria": {
      "has_diorite": "2024-09-15 02:16:29 +0000"
    },
    "done": true
  },
  "tombstone:adventure/root": {
    "criteria": {
      "auto": "2024-09-15 02:11:44 +0000"
    },
    "done": true
  },
  "cataclysm:root": {
    "criteria": {
      "custom_test_name": "2024-09-15 02:11:44 +0000"
    },
    "done": true
  },
  "minecraft:recipes/building_blocks/green_terracotta": {
    "criteria": {
      "has_terracotta": "2024-09-15 02:13:55 +0000"
    },
    "done": true
  },
  "securitycraft:recipes/securitycraft/dirt_mine": {
    "criteria": {
      "has_mine": "2024-09-15 02:12:42 +0000"
    },
    "done": true
  },
  "tombstone:adventure/chain_death": {
    "criteria": {
      "coded_trigger": "2024-09-15 02:14:14 +0000"
    },
    "done": true
  },
  "securitycraft:recipes/securitycraft/reinforced_andesite": {
    "criteria": {
      "has_cobblestone": "2024-09-15 02:12:40 +0000"
    },
    "done": true
  },
  "securitycraft:recipes/securitycraft/reinforced_andesite_with_vanilla_cobblestone": {
    "criteria": {
      "has_cobblestone": "2024-09-15 02:12:40 +0000"
    },
    "done": true
  },
  "minecraft:recipes/redstone/dark_oak_door": {
    "criteria": {
      "has_planks": "2024-09-15 02:13:55 +0000"
    },
    "done": true
  },
  "minecraft:husbandry/balanced_diet": {
    "criteria": {
      "bread": "2024-09-15 02:13:39 +0000",
      "golden_carrot": "2024-09-15 02:14:42 +0000"
    },
    "done": false
  },
  "minecraft:recipes/building_blocks/gray_terracotta": {
    "criteria": {
      "has_terracotta": "2024-09-15 02:13:55 +0000"
    },
    "done": true
  },
  "minecraft:recipes/building_blocks/light_gray_terracotta": {
    "criteria": {
      "has_terracotta": "2024-09-15 02:13:55 +0000"
    },
    "done": true
  },
  "minecraft:recipes/building_blocks/brown_terracotta": {
    "criteria": {
      "has_terracotta": "2024-09-15 02:13:55 +0000"
    },
    "done": true
  },
  "tombstone:recipes/from_grave_key": {
    "criteria": {
      "has_ingredient": "2024-09-15 02:13:49 +0000"
    },
    "done": true
  },
  "minecraft:recipes/building_blocks/andesite": {
    "criteria": {
      "has_stone": "2024-09-15 02:16:29 +0000"
    },
    "done": true
  },
  "tombstone:adventure/teleport_to_grave": {
    "criteria": {
      "coded_trigger": "2024-09-15 02:13:54 +0000"
    },
    "done": true
  },
  "minecraft:recipes/building_blocks/cobblestone_slab": {
    "criteria": {
      "has_cobblestone": "2024-09-15 02:12:40 +0000"
    },
    "done": true
  },
  "minecraft:recipes/redstone/acacia_trapdoor": {
    "criteria": {
      "has_planks": "2024-09-15 02:13:55 +0000"
    },
    "done": true
  },
  "dungeons_arise:find_small_prairie_house": {
    "criteria": {
      "location0": "2024-09-15 02:11:52 +0000"
    },
    "done": true
  },
  "create:recipes/create.palettes/diorite_pillar_from_diorite_stonecutting": {
    "criteria": {
      "has_diorite": "2024-09-15 02:16:29 +0000"
    },
    "done": true
  },
  "minecraft:recipes/redstone/oak_pressure_plate": {
    "criteria": {
      "has_planks": "2024-09-15 02:13:17 +0000"
    },
    "done": true
  },
  "securitycraft:recipes/securitycraft/sand_mine": {
    "criteria": {
      "has_mine": "2024-09-15 02:12:42 +0000"
    },
    "done": true
  },
  "minecraft:recipes/building_blocks/cobblestone_stairs": {
    "criteria": {
      "has_cobblestone": "2024-09-15 02:12:40 +0000"
    },
    "done": true
  },
  "minecraft:recipes/building_blocks/diorite_slab": {
    "criteria": {
      "has_diorite": "2024-09-15 02:16:29 +0000"
    },
    "done": true
  },
  "minecraft:recipes/building_blocks/stone_brick_stairs_from_stone_bricks_stonecutting": {
    "criteria": {
      "has_stone_bricks": "2024-09-15 02:12:51 +0000"
    },
    "done": true
  },
  "securitycraft:recipes/securitycraft/gold_mine": {
    "criteria": {
      "has_mine": "2024-09-15 02:12:42 +0000"
    },
    "done": true
  },
  "minecraft:recipes/building_blocks/pink_terracotta": {
    "criteria": {
      "has_terracotta": "2024-09-15 02:13:55 +0000"
    },
    "done": true
  },
  "securitycraft:recipes/securitycraft/laser_block": {
    "criteria": {
      "has_stone": "2024-09-15 02:12:40 +0000"
    },
    "done": true
  },
  "minecraft:story/iron_tools": {
    "criteria": {
      "iron_pickaxe": "2024-09-15 02:13:11 +0000"
    },
    "done": true
  },
  "minecraft:recipes/building_blocks/black_terracotta": {
    "criteria": {
      "has_terracotta": "2024-09-15 02:13:55 +0000"
    },
    "done": true
  },
  "securitycraft:recipes/securitycraft/ancient_debris_mine": {
    "criteria": {
      "has_mine": "2024-09-15 02:12:42 +0000"
    },
    "done": true
  },
  "securitycraft:recipes/securitycraft/coal_mine": {
    "criteria": {
      "has_mine": "2024-09-15 02:12:42 +0000"
    },
    "done": true
  },
  "create:recipes/create.palettes/acacia_window": {
    "criteria": {
      "has_ingredient": "2024-09-15 02:13:55 +0000"
    },
    "done": true
  },
  "tombstone:adventure/first_grave": {
    "criteria": {
      "coded_trigger": "2024-09-15 02:13:48 +0000"
    },
    "done": true
  },
  "minecraft:recipes/building_blocks/magenta_terracotta": {
    "criteria": {
      "has_terracotta": "2024-09-15 02:13:55 +0000"
    },
    "done": true
  },
  "minecraft:recipes/redstone/dark_oak_trapdoor": {
    "criteria": {
      "has_planks": "2024-09-15 02:13:55 +0000"
    },
    "done": true
  },
  "minecraft:recipes/decorations/oak_sign": {
    "criteria": {
      "has_oak_planks": "2024-09-15 02:13:17 +0000"
    },
    "done": true
  },
  "minecraft:recipes/redstone/oak_trapdoor": {
    "criteria": {
      "has_planks": "2024-09-15 02:13:17 +0000"
    },
    "done": true
  },
  "minecraft:recipes/building_blocks/orange_terracotta": {
    "criteria": {
      "has_terracotta": "2024-09-15 02:13:55 +0000"
    },
    "done": true
  },
  "minecraft:recipes/building_blocks/polished_diorite_from_diorite_stonecutting": {
    "criteria": {
      "has_diorite": "2024-09-15 02:16:29 +0000"
    },
    "done": true
  },
  "create:recipes/create.palettes/diorite_pillar": {
    "criteria": {
      "has_diorite": "2024-09-15 02:16:29 +0000"
    },
    "done": true
  },
  "securitycraft:recipes/securitycraft/end_stone_mine": {
    "criteria": {
      "has_mine": "2024-09-15 02:12:42 +0000"
    },
    "done": true
  },
  "securitycraft:recipes/securitycraft/emerald_mine": {
    "criteria": {
      "has_mine": "2024-09-15 02:12:42 +0000"
    },
    "done": true
  },
  "minecraft:recipes/misc/iron_nugget_from_blasting": {
    "criteria": {
      "has_iron_axe": "2024-09-15 02:12:57 +0000"
    },
    "done": true
  },
  "create:recipes/create.palettes/dark_oak_window": {
    "criteria": {
      "has_ingredient": "2024-09-15 02:13:55 +0000"
    },
    "done": true
  },
  "minecraft:recipes/redstone/oak_fence_gate": {
    "criteria": {
      "has_planks": "2024-09-15 02:13:17 +0000"
    },
    "done": true
  },
  "minecraft:recipes/building_blocks/acacia_slab": {
    "criteria": {
      "has_planks": "2024-09-15 02:13:55 +0000"
    },
    "done": true
  },
  "securitycraft:recipes/securitycraft/reinforced_diorite": {
    "criteria": {
      "has_cobblestone": "2024-09-15 02:12:40 +0000"
    },
    "done": true
  },
  "minecraft:recipes/decorations/acacia_fence": {
    "criteria": {
      "has_planks": "2024-09-15 02:13:55 +0000"
    },
    "done": true
  },
  "minecraft:recipes/building_blocks/blue_terracotta": {
    "criteria": {
      "has_terracotta": "2024-09-15 02:13:55 +0000"
    },
    "done": true
  },
  "securitycraft:recipes/securitycraft/smoker_mine": {
    "criteria": {
      "has_mine": "2024-09-15 02:12:42 +0000"
    },
    "done": true
  },
  "minecraft:recipes/redstone/oak_button": {
    "criteria": {
      "has_planks": "2024-09-15 02:13:17 +0000"
    },
    "done": true
  },
  "minecraft:recipes/decorations/diorite_wall_from_diorite_stonecutting": {
    "criteria": {
      "has_diorite": "2024-09-15 02:16:29 +0000"
    },
    "done": true
  },
  "minecraft:recipes/decorations/diorite_wall": {
    "criteria": {
      "has_diorite": "2024-09-15 02:16:29 +0000"
    },
    "done": true
  },
  "minecraft:story/obtain_armor": {
    "criteria": {
      "iron_helmet": "2024-09-15 02:13:55 +0000"
    },
    "done": true
  },
  "tombstone:recipes/from_grave_dust": {
    "criteria": {
      "has_ingredient": "2024-09-15 02:13:55 +0000"
    },
    "done": true
  },
  "create:recipes/create.palettes/overgrown_diorite_from_diorite_stonecutting": {
    "criteria": {
      "has_diorite": "2024-09-15 02:16:29 +0000"
    },
    "done": true
  },
  "securitycraft:recipes/securitycraft/cobblestone_mine": {
    "criteria": {
      "has_mine": "2024-09-15 02:12:42 +0000"
    },
    "done": true
  },
  "minecraft:story/mine_stone": {
    "criteria": {
      "get_stone": "2024-09-15 02:12:40 +0000"
    },
    "done": true
  },
  "minecraft:recipes/building_blocks/stone": {
    "criteria": {
      "has_cobblestone": "2024-09-15 02:12:40 +0000"
    },
    "done": true
  },
  "minecraft:recipes/redstone/dark_oak_pressure_plate": {
    "criteria": {
      "has_planks": "2024-09-15 02:13:55 +0000"
    },
    "done": true
  },
  "minecraft:recipes/decorations/furnace": {
    "criteria": {
      "has_cobblestone": "2024-09-15 02:12:40 +0000"
    },
    "done": true
  },
  "minecraft:recipes/building_blocks/light_blue_terracotta": {
    "criteria": {
      "has_terracotta": "2024-09-15 02:13:55 +0000"
    },
    "done": true
  },
  "minecraft:recipes/brewing/cauldron": {
    "criteria": {
      "has_water_bucket": "2024-09-15 02:13:55 +0000"
    },
    "done": true
  },
  "minecraft:adventure/adventuring_time": {
    "criteria": {
      "minecraft:plains": "2024-09-15 02:11:44 +0000"
    },
    "done": false
  },
  "minecraft:recipes/misc/charcoal": {
    "criteria": {
      "has_log": "2024-09-15 02:13:55 +0000"
    },
    "done": true
  },
  "minecraft:recipes/building_blocks/spruce_planks": {
    "criteria": {
      "has_logs": "2024-09-15 02:13:55 +0000"
    },
    "done": true
  },
  "minecraft:story/lava_bucket": {
    "criteria": {
      "lava_bucket": "2024-09-15 02:13:55 +0000"
    },
    "done": true
  },
  "minecraft:recipes/decorations/composter": {
    "criteria": {
      "has_wood_slab": "2024-09-15 02:13:55 +0000"
    },
    "done": true
  },
  "create:recipes/create.palettes/paved_diorite_from_diorite_stonecutting": {
    "criteria": {
      "has_diorite": "2024-09-15 02:16:29 +0000"
    },
    "done": true
  },
  "minecraft:recipes/building_blocks/cobblestone_slab_from_cobblestone_stonecutting": {
    "criteria": {
      "has_cobblestone": "2024-09-15 02:12:40 +0000"
    },
    "done": true
  },
  "tombstone:adventure/find_easter_egg": {
    "criteria": {
      "coded_trigger": "2024-09-15 02:12:13 +0000"
    },
    "done": true
  },
  "minecraft:husbandry/root": {
    "criteria": {
      "consumed_item": "2024-09-15 02:13:39 +0000"
    },
    "done": true
  },
  "minecraft:recipes/building_blocks/stone_brick_slab": {
    "criteria": {
      "has_stone_bricks": "2024-09-15 02:12:51 +0000"
    },
    "done": true
  },
  "create:recipes/create.palettes/fancy_diorite_bricks_from_diorite_stonecutting": {
    "criteria": {
      "has_diorite": "2024-09-15 02:16:29 +0000"
    },
    "done": true
  },
  "minecraft:recipes/transportation/birch_boat": {
    "criteria": {
      "in_water": "2024-09-15 02:14:05 +0000"
    },
    "done": true
  },
  "tombstone:adventure/eat_easter_egg_food": {
    "criteria": {
      "coded_trigger": "2024-09-15 02:13:39 +0000"
    },
    "done": true
  },
  "minecraft:recipes/combat/stone_sword": {
    "criteria": {
      "has_cobblestone": "2024-09-15 02:12:40 +0000"
    },
    "done": true
  },
  "minecraft:recipes/building_blocks/oak_stairs": {
    "criteria": {
      "has_planks": "2024-09-15 02:13:17 +0000"
    },
    "done": true
  },
  "minecraft:recipes/decorations/barrel": {
    "criteria": {
      "has_planks": "2024-09-15 02:13:17 +0000"
    },
    "done": true
  },
  "minecraft:recipes/decorations/cobblestone_wall": {
    "criteria": {
      "has_cobblestone": "2024-09-15 02:12:40 +0000"
    },
    "done": true
  },
  "minecraft:recipes/transportation/acacia_boat": {
    "criteria": {
      "in_water": "2024-09-15 02:14:05 +0000"
    },
    "done": true
  },
  "securitycraft:recipes/securitycraft/furnace_mine": {
    "criteria": {
      "has_mine": "2024-09-15 02:12:42 +0000"
    },
    "done": true
  },
  "minecraft:recipes/tools/stone_pickaxe": {
    "criteria": {
      "has_cobblestone": "2024-09-15 02:12:40 +0000"
    },
    "done": true
  },
  "minecraft:recipes/redstone/acacia_door": {
    "criteria": {
      "has_planks": "2024-09-15 02:13:55 +0000"
    },
    "done": true
  },
  "securitycraft:recipes/securitycraft/quartz_mine": {
    "criteria": {
      "has_mine": "2024-09-15 02:12:42 +0000"
    },
    "done": true
  },
  "minecraft:recipes/redstone/oak_door": {
    "criteria": {
      "has_planks": "2024-09-15 02:13:17 +0000"
    },
    "done": true
  },
  "securitycraft:recipes/securitycraft/wire_cutters": {
    "criteria": {
      "has_mine": "2024-09-15 02:12:42 +0000"
    },
    "done": true
  },
  "securitycraft:recipes/securitycraft/gravel_mine": {
    "criteria": {
      "has_mine": "2024-09-15 02:12:42 +0000"
    },
    "done": true
  },
  "minecraft:adventure/root": {
    "criteria": {
      "killed_by_something": "2024-09-15 02:17:38 +0000"
    },
    "done": true
  },
  "minecraft:recipes/transportation/jungle_boat": {
    "criteria": {
      "in_water": "2024-09-15 02:14:05 +0000"
    },
    "done": true
  },
  "create:recipes/create.palettes/smelting/dolomite": {
    "criteria": {
      "has_item": "2024-09-15 02:16:29 +0000"
    },
    "done": true
  },
  "minecraft:recipes/decorations/cobblestone_wall_from_cobblestone_stonecutting": {
    "criteria": {
      "has_cobblestone": "2024-09-15 02:12:40 +0000"
    },
    "done": true
  },
  "minecraft:recipes/misc/sugar_from_honey_bottle": {
    "criteria": {
      "has_honey_bottle": "2024-09-15 02:12:51 +0000"
    },
    "done": true
  },
  "tombstone:adventure/enchant_grave_key": {
    "criteria": {
      "has_upgraded_grave_key": "2024-09-15 02:13:49 +0000"
    },
    "done": true
  },
  "create:recipes/create.palettes/layered_diorite_from_diorite_stonecutting": {
    "criteria": {
      "has_diorite": "2024-09-15 02:16:29 +0000"
    },
    "done": true
  },
  "minecraft:recipes/tools/stone_hoe": {
    "criteria": {
      "has_cobblestone": "2024-09-15 02:12:40 +0000"
    },
    "done": true
  },
  "minecraft:recipes/transportation/dark_oak_boat": {
    "criteria": {
      "in_water": "2024-09-15 02:14:05 +0000"
    },
    "done": true
  },
  "create:recipes/create.base/blasting/copper_ingot_from_ore": {
    "criteria": {
      "has_item": "2024-09-15 02:13:55 +0000"
    },
    "done": true
  },
  "minecraft:recipes/building_blocks/dark_oak_stairs": {
    "criteria": {
      "has_planks": "2024-09-15 02:13:55 +0000"
    },
    "done": true
  },
  "minecraft:recipes/decorations/acacia_sign": {
    "criteria": {
      "has_acacia_planks": "2024-09-15 02:13:55 +0000"
    },
    "done": true
  },
  "dungeons_arise:wda_root": {
    "criteria": {
      "WDA": "2024-09-15 02:11:44 +0000"
    },
    "done": true
  },
  "securitycraft:recipes/securitycraft/lapis_mine": {
    "criteria": {
      "has_mine": "2024-09-15 02:12:42 +0000"
    },
    "done": true
  },
  "minecraft:recipes/decorations/stone_brick_wall": {
    "criteria": {
      "has_stone_bricks": "2024-09-15 02:12:51 +0000"
    },
    "done": true
  },
  "securitycraft:recipes/securitycraft/iron_mine": {
    "criteria": {
      "has_mine": "2024-09-15 02:12:42 +0000"
    },
    "done": true
  },
  "minecraft:recipes/decorations/dark_oak_sign": {
    "criteria": {
      "has_dark_oak_planks": "2024-09-15 02:13:55 +0000"
    },
    "done": true
  },
  "minecraft:recipes/misc/light_gray_dye_from_azure_bluet": {
    "criteria": {
      "has_red_flower": "2024-09-15 02:14:03 +0000"
    },
    "done": true
  },
  "minecraft:recipes/redstone/dark_oak_fence_gate": {
    "criteria": {
      "has_planks": "2024-09-15 02:13:55 +0000"
    },
    "done": true
  },
  "minecraft:recipes/misc/iron_nugget_from_smelting": {
    "criteria": {
      "has_iron_axe": "2024-09-15 02:12:57 +0000"
    },
    "done": true
  },
  "create:recipes/create.base/smelting/copper_ingot_from_ore": {
    "criteria": {
      "has_item": "2024-09-15 02:13:55 +0000"
    },
    "done": true
  },
  "securitycraft:recipes/securitycraft/blast_furnace_mine": {
    "criteria": {
      "has_mine": "2024-09-15 02:12:42 +0000"
    },
    "done": true
  },
  "minecraft:recipes/building_blocks/stripped_spruce_wood": {
    "criteria": {
      "has_log": "2024-09-15 02:13:55 +0000"
    },
    "done": true
  },
  "create:root": {
    "criteria": {
      "0": "2024-09-15 02:11:54 +0000"
    },
    "done": true
  },
  "minecraft:recipes/decorations/dark_oak_fence": {
    "criteria": {
      "has_planks": "2024-09-15 02:13:55 +0000"
    },
    "done": true
  },
  "minecraft:recipes/building_blocks/polished_diorite": {
    "criteria": {
      "has_stone": "2024-09-15 02:16:29 +0000"
    },
    "done": true
  },
  "minecraft:recipes/building_blocks/cyan_terracotta": {
    "criteria": {
      "has_terracotta": "2024-09-15 02:13:55 +0000"
    },
    "done": true
  },
  "securitycraft:recipes/securitycraft/remote_access_mine": {
    "criteria": {
      "has_mine": "2024-09-15 02:12:42 +0000"
    },
    "done": true
  },
  "securitycraft:recipes/securitycraft/reinforced_dispenser": {
    "criteria": {
      "has_bow": "2024-09-15 02:13:55 +0000"
    },
    "done": true
  },
  "minecraft:recipes/decorations/oak_fence": {
    "criteria": {
      "has_planks": "2024-09-15 02:13:17 +0000"
    },
    "done": true
  },
  "minecraft:recipes/building_blocks/acacia_stairs": {
    "criteria": {
      "has_planks": "2024-09-15 02:13:55 +0000"
    },
    "done": true
  },
  "minecraft:recipes/transportation/oak_boat": {
    "criteria": {
      "in_water": "2024-09-15 02:14:05 +0000"
    },
    "done": true
  },
  "minecraft:recipes/building_blocks/white_terracotta": {
    "criteria": {
      "has_terracotta": "2024-09-15 02:13:55 +0000"
    },
    "done": true
  },
  "create:recipes/create.palettes/diorite_bricks_from_diorite_stonecutting": {
    "criteria": {
      "has_diorite": "2024-09-15 02:16:29 +0000"
    },
    "done": true
  },
  "securitycraft:recipes/securitycraft/redstone_mine": {
    "criteria": {
      "has_mine": "2024-09-15 02:12:42 +0000"
    },
    "done": true
  },
  "minecraft:recipes/tools/stone_axe": {
    "criteria": {
      "has_cobblestone": "2024-09-15 02:12:40 +0000"
    },
    "done": true
  },
  "securitycraft:recipes/securitycraft/diamond_mine": {
    "criteria": {
      "has_mine": "2024-09-15 02:12:42 +0000"
    },
    "done": true
  },
  "minecraft:recipes/building_blocks/oak_slab": {
    "criteria": {
      "has_planks": "2024-09-15 02:13:17 +0000"
    },
    "done": true
  },
  "minecraft:recipes/building_blocks/stone_brick_stairs": {
    "criteria": {
      "has_stone_bricks": "2024-09-15 02:12:51 +0000"
    },
    "done": true
  },
  "DataVersion": 2586
}